Date; heure;Iconuc-1 ;Iconuc-2 ;Tabarnuc-1 ;Tabarnuc-2 ;NucPlusUltra-1 ;NucPlusUltra-2 ;Gazby ;Pegaz-1 ;Pegaz-2 ;Samagaz ;Omaigaz-1 ;Omaigaz-2 ;Gastafiore ;Igaznodon-1 ;Igaznodon-2 ;Coron-1 ;Coron-2 ;Mockingjay ;Lantier ;Tacotac ;TicEtTac ;P_hydro; Hydro_stock; STEP pompage ; STEP turbinage; STEP_stock ; Batterie injection ; Batterie soutirage ; Batterie Stock ; P_fatal ; load ; Net load 
04/07/2020; 00:00:00;300;300;300;300;1300;1300;0;0;0;0;0;0;0;0;0;0;0;0;0;0;0;2366;700000;0;0;0;0;0;0;1597;7763;6166
04/07/2020; 01:00:00;300;300;300;300;1300;1300;0;0;0;0;0;0;0;0;0;0;0;0;0;0;0;2041;698242,0833;0;0;0;0;0;0;1447;7288;5841
04/07/2020; 02:00:00;300;300;300;300;1300;1300;0;0;0;0;0;0;0;0;0;0;0;0;0;0;0;1752;696809,1667;0;0;0;0;0;0;1361;6913;5552
04/07/2020; 03:00:00;300;300;300;300;1300;1300;0;0;0;0;0;0;0;0;0;0;0;0;0;0;0;1443;695665,25;0;0;0;0;0;0;1243;6486;5243
04/07/2020; 04:00:00;300;300;300;300;1300;1300;0;0;0;0;0;0;0;0;0;0;0;0;0;0;0;1224;694830,3333;0;0;0;0;0;0;1260;6284;5024
04/07/2020; 05:00:00;300;300;300;300;1300;1300;0;0;0;0;0;0;0;0;0;0;0;0;0;0;0;1257;694214,4167;0;0;0;0;0;0;1224;6281;5057
04/07/2020; 06:00:00;300;300;300;300;1300;1300;0;0;0;0;0;0;0;0;0;0;0;0;0;0;0;1312;693565,5;0;0;0;0;0;0;1293;6405;5112
04/07/2020; 07:00:00;300;300;300;300;1300;1300;0;0;0;0;0;0;0;0;0;0;0;0;0;0;0;1273;692861,5833;0;0;0;0;0;0;1669;6742;5073
04/07/2020; 08:00:00;300;300;300;300;1300;1300;0;0;0;0;0;0;0;0;0;0;0;0;0;0;0;1411;692196,6667;0;0;0;0;0;0;2098;7309;5211
04/07/2020; 09:00:00;300;300;300;300;1300;1300;0;0;0;0;0;0;0;0;0;0;0;0;0;0;0;1463;691393,75;0;0;0;0;0;0;2551;7814;5263
04/07/2020; 10:00:00;300;300;300;300;1300;1300;0;0;0;0;0;0;0;0;0;0;0;0;0;0;0;1253;690538,8333;0;0;0;0;0;0;2968;8021;5053
04/07/2020; 11:00:00;300;300;300;300;1300;1300;0;0;0;0;0;0;0;0;0;0;0;0;0;0;0;1071;689893,9167;0;0;0;0;0;0;3358;8229;4871
04/07/2020; 12:00:00;300;300;300;300;1300;1300;0;0;0;0;0;0;0;0;0;0;0;0;0;0;0;1263;689431;0;0;0;0;0;0;3482;8545;5063
04/07/2020; 13:00:00;300;300;300;300;1300;1300;0;0;0;0;0;0;0;0;0;0;0;0;0;0;0;615;688776,0833;0;0;0;0;0;0;3793;8208;4415
04/07/2020; 14:00:00;300;300;300;300;1300;1300;0;0;0;0;0;0;0;0;0;0;0;0;0;0;0;202;688769,1667;0;0;0;0;0;0;3979;7981;4002
04/07/2020; 15:00:00;300;300;300;300;1300;1300;0;0;0;0;0;0;0;0;0;0;0;0;0;0;0;26;689175,25;0;0;0;0;0;0;3886;7712;3826
04/07/2020; 16:00:00;300;300;300;300;1300;1300;0;0;0;0;0;0;0;0;0;0;0;0;0;0;0;58;689757,3333;0;0;0;0;0;0;3680;7538;3858
04/07/2020; 17:00:00;300;300;300;300;1300;1300;0;0;0;0;0;0;0;0;0;0;0;0;0;0;0;287;690307,4167;0;0;0;0;0;0;3443;7530;4087
04/07/2020; 18:00:00;300;300;300;300;1300;1300;0;0;0;0;0;0;0;0;0;0;0;0;0;0;0;1014;690628,5;0;0;0;0;0;0;2941;7755;4814
04/07/2020; 19:00:00;300;300;300;300;1300;1300;0;0;0;0;0;0;0;0;0;0;0;0;0;0;0;1577;690222,5833;0;0;0;0;0;0;2376;7753;5377
04/07/2020; 20:00:00;300;300;300;300;1300;1300;0;0;0;0;0;0;0;0;0;0;0;0;0;0;0;1602;689253,6667;0;0;0;0;0;0;2007;7409;5402
04/07/2020; 21:00:00;300;300;300;300;1300;1300;0;0;0;0;0;0;0;0;0;0;0;0;0;0;0;1520;688259,75;0;0;0;0;0;0;1912;7232;5320
04/07/2020; 22:00:00;300;300;300;300;1300;1300;0;0;0;0;0;0;0;0;0;0;0;0;0;0;0;2008;687347,8333;0;0;0;0;0;0;1972;7780;5808
04/07/2020; 23:00:00;300;300;300;300;1300;1300;0;0;0;0;0;0;0;0;0;0;0;0;0;0;0;2106;685947,9167;0;0;0;0;0;0;2114;8020;5906
05/07/2020; 00:00:00;300;300;300;300;1300;1300;0;0;0;0;0;0;0;0;0;0;0;0;0;0;0;1516;684450;0;0;0;0;0;0;2085;7401;5316
05/07/2020; 01:00:00;300;300;300;300;1300;1300;0;0;0;0;0;0;0;0;0;0;0;0;0;0;0;960;683542,0833;0;0;0;0;0;0;2211;6971;4760
05/07/2020; 02:00:00;300;300;300;300;1300;1300;0;0;0;0;0;0;0;0;0;0;0;0;0;0;0;341;683190,1667;0;0;0;0;0;0;2455;6596;4141
05/07/2020; 03:00:00;300;300;300;300;1300;1300;0;0;0;0;0;0;0;0;0;0;0;0;0;0;0;0;683457,25;18;0;0;0;0;0;2387;6169;3782
05/07/2020; 04:00:00;300;300;300;300;1300;1300;0;0;0;0;0;0;0;0;0;0;0;0;0;0;0;0;684065,3333;106;0;13,5;0;0;0;2246;5940;3694
05/07/2020; 05:00:00;300;300;300;300;1300;1300;0;0;0;0;0;0;0;0;0;0;0;0;0;0;0;0;684673,4167;277;0;93;0;0;0;2293;5816;3523
05/07/2020; 06:00:00;300;300;300;300;1300;1300;0;0;0;0;0;0;0;0;0;0;0;0;0;0;0;0;685281,5;480;0;300,75;0;0;0;2437;5757;3320
05/07/2020; 07:00:00;300;300;300;300;1300;1300;0;0;0;0;0;0;0;0;0;0;0;0;0;0;0;0;685889,5833;611;0;660,75;0;0;0;2799;5988;3189
05/07/2020; 08:00:00;300;300;300;300;1300;1300;0;0;0;0;0;0;0;0;0;0;0;0;0;0;0;0;686497,6667;559;0;1119;0;0;0;3210;6451;3241
05/07/2020; 09:00:00;300;300;300;300;1300;1300;0;0;0;0;0;0;0;0;0;0;0;0;0;0;0;0;687105,75;564;0;1538,25;0;0;0;3743;6979;3236
05/07/2020; 10:00:00;300;300;300;300;1300;1300;0;0;0;0;0;0;0;0;0;0;0;0;0;0;0;0;687713,8333;770;0;1961,25;0;0;0;4354;7384;3030
05/07/2020; 11:00:00;300;300;300;300;1300;1300;0;0;0;0;0;0;0;0;0;0;0;0;0;0;0;0;688321,9167;1143;0;2538,75;0;0;0;5072;7729;2657
05/07/2020; 12:00:00;300;300;300;300;1300;1300;0;0;0;0;0;0;0;0;0;0;0;0;0;0;0;0;688930;1191;0;3396;0;0;0;5530;8139;2609
05/07/2020; 13:00:00;300;300;300;300;1300;968,8235294;0;0;0;0;0;0;0;0;0;0;0;0;0;0;0;0;689538,0833;1200;0;4289,25;98,82352941;0;0;5649;7819;2170
05/07/2020; 14:00:00;300;300;300;300;1300;617;0;0;0;0;0;0;0;0;0;0;0;0;0;0;0;0;690146,1667;1200;0;5189,25;0;0;84;5660;7577;1917
05/07/2020; 15:00:00;300;300;300;300;1300;895;0;0;0;0;0;0;0;0;0;0;0;0;0;0;0;0;690754,25;1200;0;6089,25;280;0;84;5464;7379;1915
05/07/2020; 16:00:00;300;300;300;300;1300;1076;0;0;0;0;0;0;0;0;0;0;0;0;0;0;0;0;691362,3333;1200;0;6989,25;280;0;322;5185;7281;2096
05/07/2020; 17:00:00;300;300;300;300;1300;1180;0;0;0;0;0;0;0;0;0;0;0;0;0;0;0;0;691970,4167;1200;0;7889,25;0;0;560;4872;7352;2480
05/07/2020; 18:00:00;300;300;300;300;1300;1300;0;0;0;0;0;0;0;0;0;0;0;0;0;0;0;0;692578,5;363;0;8789,25;0;0;560;4147;7584;3437
05/07/2020; 19:00:00;300;300;300;300;1300;1300;0;0;0;0;0;0;0;0;0;0;0;0;0;0;0;227;693186,5833;0;0;9061,5;0;280;560;3463;7770;4307
05/07/2020; 20:00:00;300;300;300;300;1300;1300;0;0;0;0;0;0;0;0;0;0;0;0;0;0;0;631;693567,6667;0;0;9061,5;0;196;230,5882353;3037;7664;4627
05/07/2020; 21:00:00;300;300;300;300;1300;1300;0;0;0;0;0;0;0;0;0;0;0;0;0;0;0;790;693544,75;0;0;9061,5;0;0;0;2954;7544;4590
05/07/2020; 22:00:00;300;300;300;300;1300;1300;0;0;0;0;0;0;0;0;0;0;0;0;0;0;0;1514;693362,8333;0;0;9061,5;0;0;0;2760;8074;5314
05/07/2020; 23:00:00;300;300;300;300;1300;1300;0;0;0;0;0;0;0;0;0;0;0;0;0;0;0;1425;692456,9167;0;0;9061,5;0;0;0;2953;8178;5225
06/07/2020; 00:00:00;300;300;300;300;1300;1300;0;0;0;0;0;0;0;0;0;0;0;0;0;0;0;892;691640;0;0;9061,5;0;0;0;2813;7505;4692
06/07/2020; 01:00:00;300;300;300;300;1300;1300;0;0;0;0;0;0;0;0;0;0;0;0;0;0;0;601;691356,0833;0;0;9061,5;0;0;0;2709;7110;4401
06/07/2020; 02:00:00;300;300;300;300;1300;1300;0;0;0;0;0;0;0;0;0;0;0;0;0;0;0;786;691363,1667;0;0;9061,5;0;0;0;2198;6784;4586
06/07/2020; 03:00:00;300;300;300;300;1300;1300;0;0;0;0;0;0;0;0;0;0;0;0;0;0;0;555;691185,25;0;0;9061,5;0;0;0;2086;6441;4355
06/07/2020; 04:00:00;300;300;300;300;1300;1300;0;0;0;0;0;0;0;0;0;0;0;0;0;0;0;547;691238,3333;0;0;9061,5;0;0;0;2086;6433;4347
06/07/2020; 05:00:00;300;300;300;300;1300;1300;0;0;0;0;0;0;0;0;0;0;0;0;0;0;0;944;691299,4167;0;0;9061,5;0;0;0;2047;6791;4744
06/07/2020; 06:00:00;300;300;300;300;1300;1300;0;0;0;0;0;0;0;0;0;0;0;0;0;0;0;1613;690963,5;0;0;9061,5;0;0;0;2068;7481;5413
06/07/2020; 07:00:00;300;300;300;300;1300;1300;0;0;0;0;0;0;0;0;0;0;0;0;0;0;0;2330;689958,5833;0;0;9061,5;0;0;0;2235;8365;6130
06/07/2020; 08:00:00;300;300;300;300;1300;1300;0;0;0;0;0;0;0;0;0;0;0;0;0;0;0;1837,5;688236,6667;0;661,5;9061,5;0;0;0;2666;8965;6299
06/07/2020; 09:00:00;300;300;300;300;1300;1300;0;0;0;0;0;0;0;0;0;0;0;0;0;0;0;1229;687007,25;0;1200;8400;0;0;0;3165;9394;6229
06/07/2020; 10:00:00;300;300;300;300;1300;1300;0;0;0;0;0;0;0;0;0;0;0;0;0;0;0;2160;686386,3333;0;0;7200;0;0;0;3685;9645;5960
06/07/2020; 11:00:00;300;300;300;300;1300;1300;0;0;0;0;0;0;0;0;0;0;0;0;0;0;0;740;684834,4167;0;1200;7200;0;0;0;4126;9866;5740
06/07/2020; 12:00:00;300;300;300;300;1300;1300;0;0;0;0;0;0;0;0;0;0;0;0;0;0;0;473;684702,5;0;1200;6000;0;0;0;4556;10029;5473
06/07/2020; 13:00:00;300;300;300;300;1300;1300;0;0;0;0;0;0;0;0;0;0;0;0;0;0;0;1499;684837,5833;0;0;4800;0;0;0;4636;9935;5299
06/07/2020; 14:00:00;300;300;300;300;1300;1300;0;0;0;0;0;0;0;0;0;0;0;0;0;0;0;1313;683946,6667;0;0;4800;0;0;0;4802;9915;5113
06/07/2020; 15:00:00;300;300;300;300;1300;1300;0;0;0;0;0;0;0;0;0;0;0;0;0;0;0;1150;683241,75;0;0;4800;0;0;0;4725;9675;4950
06/07/2020; 16:00:00;300;300;300;300;1300;1300;0;0;0;0;0;0;0;0;0;0;0;0;0;0;0;1218;682699,8333;0;0;4800;0;0;0;4438;9456;5018
06/07/2020; 17:00:00;300;300;300;300;1300;1300;0;0;0;0;0;0;0;0;0;0;0;0;0;0;0;1642;682089,9167;0;0;4800;0;0;0;3862;9304;5442
06/07/2020; 18:00:00;300;300;300;300;1300;1300;0;0;0;0;0;0;0;0;0;0;0;0;0;0;0;1224;681056;0;1200;4800;0;0;0;3132;9356;6224
06/07/2020; 19:00:00;300;300;300;300;1300;1300;0;0;0;0;0;0;0;0;0;0;0;0;0;0;0;3090;680440,0833;0;0;3600;0;0;0;2337;9227;6890
06/07/2020; 20:00:00;300;300;300;300;1300;1300;0;0;0;0;0;0;0;0;0;0;0;0;0;0;0;3202;677958,1667;0;0;3600;0;0;0;1683;8685;7002
06/07/2020; 21:00:00;300;300;300;300;1300;1300;0;0;0;0;0;0;0;0;0;0;0;0;0;0;0;3162;675364,25;0;0;3600;0;0;0;1403;8365;6962
06/07/2020; 22:00:00;300;300;300;300;1300;1300;0;0;0;0;0;0;0;0;0;0;0;0;0;0;0;2505;672810,3333;0;1200;3600;0;0;0;1304;8809;7505
06/07/2020; 23:00:00;300;300;300;300;1300;1300;0;0;0;0;0;0;0;0;0;0;0;0;0;0;0;3732;670913,4167;0;0;2400;0;0;0;1300;8832;7532
07/07/2020; 00:00:00;300;300;300;300;1300;1300;0;0;0;0;0;0;0;0;0;0;0;0;0;0;0;1765;667789,5;0;1200;2400;0;0;0;1321;8086;6765
07/07/2020; 01:00:00;300;300;300;300;1300;1300;0;0;0;0;0;0;0;0;0;0;0;0;0;0;0;1387;666632,5833;0;1200;1200;0;0;0;1257;7644;6387
07/07/2020; 02:00:00;300;300;300;300;1300;1300;0;0;0;0;0;0;0;0;0;0;0;0;0;0;0;2154;665853,6667;0;0;0;0;0;0;1367;7321;5954
07/07/2020; 03:00:00;300;300;300;300;1300;1300;0;0;0;0;0;0;0;0;0;0;0;0;0;0;0;1744;664307,75;0;0;0;0;0;0;1404;6948;5544
07/07/2020; 04:00:00;300;300;300;300;1300;1300;0;0;0;0;0;0;0;0;0;0;0;0;0;0;0;1687;663171,8333;0;0;0;0;0;0;1374;6861;5487
07/07/2020; 05:00:00;300;300;300;300;1300;1300;0;0;0;0;0;0;0;0;0;0;0;0;0;0;0;1888;662092,9167;0;0;0;0;0;0;1440;7128;5688
07/07/2020; 06:00:00;300;300;300;300;1300;1300;0;0;0;0;0;0;0;0;0;0;0;0;0;0;0;2319;660813;0;0;0;0;0;0;1614;7733;6119
07/07/2020; 07:00:00;300;300;300;300;1300;1300;0;0;0;0;0;0;0;0;0;0;0;0;0;0;0;2768;659102,0833;0;0;0;0;0;0;1985;8553;6568
07/07/2020; 08:00:00;300;300;300;300;1300;1300;0;0;0;0;0;0;0;0;0;0;0;0;0;0;0;2837;656942,1667;0;0;0;0;0;0;2531;9168;6637
07/07/2020; 09:00:00;300;300;300;300;1300;1300;0;0;0;0;0;0;0;0;0;0;0;0;0;0;0;2493;654713,25;0;0;0;0;0;0;3282;9575;6293
07/07/2020; 10:00:00;300;300;300;300;1300;1300;0;0;0;0;0;0;0;0;0;0;0;0;0;0;0;2051;652828,3333;0;0;0;0;0;0;3955;9806;5851
07/07/2020; 11:00:00;300;300;300;300;1300;1300;0;0;0;0;0;0;0;0;0;0;0;0;0;0;0;1728;651385,4167;0;0;0;0;0;0;4509;10037;5528
07/07/2020; 12:00:00;300;300;300;300;1300;1300;0;0;0;0;0;0;0;0;0;0;0;0;0;0;0;1461;650265,5;0;0;0;0;0;0;4888;10149;5261
07/07/2020; 13:00:00;300;300;300;300;1300;1300;0;0;0;0;0;0;0;0;0;0;0;0;0;0;0;907;649412,5833;0;0;0;0;0;0;5335;10042;4707
07/07/2020; 14:00:00;300;300;300;300;1300;1300;0;0;0;0;0;0;0;0;0;0;0;0;0;0;0;769;649113,6667;0;0;0;0;0;0;5478;10047;4569
07/07/2020; 15:00:00;300;300;300;300;1300;1300;0;0;0;0;0;0;0;0;0;0;0;0;0;0;0;495;648952,75;0;0;0;0;0;0;5547;9842;4295
07/07/2020; 16:00:00;300;300;300;300;1300;1300;0;0;0;0;0;0;0;0;0;0;0;0;0;0;0;535;649065,8333;0;0;0;0;0;0;5313;9648;4335
07/07/2020; 17:00:00;300;300;300;300;1300;1300;0;0;0;0;0;0;0;0;0;0;0;0;0;0;0;724;649138,9167;0;0;0;0;0;0;4986;9510;4524
07/07/2020; 18:00:00;300;300;300;300;1300;1300;0;0;0;0;0;0;0;0;0;0;0;0;0;0;0;1606;649023;0;0;0;0;0;0;4144;9550;5406
07/07/2020; 19:00:00;300;300;300;300;1300;1300;0;0;0;0;0;0;0;0;0;0;0;0;0;0;0;1817;648025,0833;0;0;0;0;0;0;3787;9404;5617
07/07/2020; 20:00:00;300;300;300;300;1300;1300;0;0;0;0;0;0;0;0;0;0;0;0;0;0;0;1443;646816,1667;0;0;0;0;0;0;3588;8831;5243
07/07/2020; 21:00:00;300;300;300;300;1300;1300;0;0;0;0;0;0;0;0;0;0;0;0;0;0;0;1183;645981,25;0;0;0;0;0;0;3507;8490;4983
07/07/2020; 22:00:00;300;300;300;300;1300;1300;0;0;0;0;0;0;0;0;0;0;0;0;0;0;0;1612;645406,3333;0;0;0;0;0;0;3540;8952;5412
07/07/2020; 23:00:00;300;300;300;300;1300;1300;0;0;0;0;0;0;0;0;0;0;0;0;0;0;0;1424;644402,4167;0;0;0;0;0;0;3736;8960;5224
08/07/2020; 00:00:00;300;300;300;300;1300;1300;0;0;0;0;0;0;0;0;0;0;0;0;0;0;0;685;643586,5;0;0;0;0;0;0;3662;8147;4485
08/07/2020; 01:00:00;300;300;300;300;1300;1300;0;0;0;0;0;0;0;0;0;0;0;0;0;0;0;653;643509,5833;0;0;0;0;0;0;3259;7712;4453
08/07/2020; 02:00:00;300;300;300;300;1300;1300;0;0;0;0;0;0;0;0;0;0;0;0;0;0;0;570;643464,6667;0;0;0;0;0;0;3028;7398;4370
08/07/2020; 03:00:00;300;300;300;300;1300;1300;0;0;0;0;0;0;0;0;0;0;0;0;0;0;0;677;643502,75;0;0;0;0;0;0;2561;7038;4477
08/07/2020; 04:00:00;300;300;300;300;1300;1300;0;0;0;0;0;0;0;0;0;0;0;0;0;0;0;612;643433,8333;0;0;0;0;0;0;2554;6966;4412
08/07/2020; 05:00:00;300;300;300;300;1300;1300;0;0;0;0;0;0;0;0;0;0;0;0;0;0;0;1033;643429,9167;0;0;0;0;0;0;2402;7235;4833
08/07/2020; 06:00:00;300;300;300;300;1300;1300;0;0;0;0;0;0;0;0;0;0;0;0;0;0;0;1695;643005;0;0;0;0;0;0;2343;7838;5495
08/07/2020; 07:00:00;300;300;300;300;1300;1300;0;0;0;0;0;0;0;0;0;0;0;0;0;0;0;2379;641918,0833;0;0;0;0;0;0;2500;8679;6179
08/07/2020; 08:00:00;300;300;300;300;1300;1300;0;0;0;0;0;0;0;0;0;0;0;0;0;0;0;2771;640147,1667;0;0;0;0;0;0;2722;9293;6571
08/07/2020; 09:00:00;300;300;300;300;1300;1300;0;0;0;0;0;0;0;0;0;0;0;0;0;0;0;2810;637984,25;0;0;0;0;0;0;3094;9704;6610
08/07/2020; 10:00:00;300;300;300;300;1300;1300;0;0;0;0;0;0;0;0;0;0;0;0;0;0;0;2967;635782,3333;0;0;0;0;0;0;3157;9924;6767
08/07/2020; 11:00:00;300;300;300;300;1300;1300;0;0;0;0;0;0;0;0;0;0;0;0;0;0;0;2992;633423,4167;0;0;0;0;0;0;3326;10118;6792
08/07/2020; 12:00:00;300;300;300;300;1300;1300;0;0;0;0;0;0;0;0;0;0;0;0;0;0;0;2958;631039,5;0;0;0;0;0;0;3418;10176;6758
08/07/2020; 13:00:00;300;300;300;300;1300;1300;0;0;0;0;0;0;0;0;0;0;0;0;0;0;0;2833;628689,5833;0;0;0;0;0;0;3373;10006;6633
08/07/2020; 14:00:00;300;300;300;300;1300;1300;0;0;0;0;0;0;0;0;0;0;0;0;0;0;0;2827;626464,6667;0;0;0;0;0;0;3299;9926;6627
08/07/2020; 15:00:00;300;300;300;300;1300;1300;0;0;0;0;0;0;0;0;0;0;0;0;0;0;0;2355;624245,75;0;0;0;0;0;0;3478;9633;6155
08/07/2020; 16:00:00;300;300;300;300;1300;1300;0;0;0;0;0;0;0;0;0;0;0;0;0;0;0;2206;622498,8333;0;0;0;0;0;0;3354;9360;6006
08/07/2020; 17:00:00;300;300;300;300;1300;1300;0;0;0;0;0;0;0;0;0;0;0;0;0;0;0;2279;620900,9167;0;0;0;0;0;0;3088;9167;6079
08/07/2020; 18:00:00;300;300;300;300;1300;1300;0;0;0;0;0;0;0;0;0;0;0;0;0;0;0;2523;619230;0;0;0;0;0;0;2901;9224;6323
08/07/2020; 19:00:00;300;300;300;300;1300;1300;0;0;0;0;0;0;0;0;0;0;0;0;0;0;0;2849;617315,0833;0;0;0;0;0;0;2449;9098;6649
08/07/2020; 20:00:00;300;300;300;300;1300;1300;0;0;0;0;0;0;0;0;0;0;0;0;0;0;0;2599;615074,1667;0;0;0;0;0;0;2129;8528;6399
08/07/2020; 21:00:00;300;300;300;300;1300;1300;0;0;0;0;0;0;0;0;0;0;0;0;0;0;0;2328;613083,25;0;0;0;0;0;0;2038;8166;6128
08/07/2020; 22:00:00;300;300;300;300;1300;1300;0;0;0;0;0;0;0;0;0;0;0;0;0;0;0;2960;611363,3333;0;0;0;0;0;0;1840;8600;6760
08/07/2020; 23:00:00;300;300;300;300;1300;1300;0;0;0;0;0;0;0;0;0;0;0;0;0;0;0;3175;609011,4167;0;0;0;0;0;0;1700;8675;6975
09/07/2020; 00:00:00;300;300;300;300;1300;1300;0;0;0;0;0;0;0;0;0;0;0;0;0;0;0;2397;606444,5;0;0;0;0;0;0;1733;7930;6197
09/07/2020; 01:00:00;300;300;300;300;1300;1300;0;0;0;0;0;0;0;0;0;0;0;0;0;0;0;2121;604655,5833;0;0;0;0;0;0;1575;7496;5921
09/07/2020; 02:00:00;300;300;300;300;1300;1300;0;0;0;0;0;0;0;0;0;0;0;0;0;0;0;1943;603142,6667;0;0;0;0;0;0;1437;7180;5743
09/07/2020; 03:00:00;300;300;300;300;1300;1300;0;0;0;0;0;0;0;0;0;0;0;0;0;0;0;1644;601807,75;0;0;0;0;0;0;1366;6810;5444
09/07/2020; 04:00:00;300;300;300;300;1300;1300;0;0;0;0;0;0;0;0;0;0;0;0;0;0;0;1567;600771,8333;0;0;0;0;0;0;1360;6727;5367
09/07/2020; 05:00:00;300;300;300;300;1300;1300;0;0;0;0;0;0;0;0;0;0;0;0;0;0;0;1848;599812,9167;0;0;0;0;0;0;1362;7010;5648
09/07/2020; 06:00:00;300;300;300;300;1300;1300;0;0;0;0;0;0;0;0;0;0;0;0;0;0;0;2424;598573;0;0;0;0;0;0;1405;7629;6224
09/07/2020; 07:00:00;300;300;300;300;1300;1300;0;0;0;0;0;0;0;0;0;0;0;0;0;0;0;2907;596757,0833;0;0;0;0;0;0;1727;8434;6707
09/07/2020; 08:00:00;300;300;300;300;1300;1300;0;0;0;0;0;0;0;0;0;0;0;0;0;0;0;3168;594458,1667;0;0;0;0;0;0;2074;9042;6968
09/07/2020; 09:00:00;300;300;300;300;1300;1300;0;0;0;0;0;0;0;0;0;0;0;0;0;0;0;3223;591898,25;0;0;0;0;0;0;2392;9415;7023
09/07/2020; 10:00:00;300;300;300;300;1300;1300;0;0;0;0;0;0;0;0;0;0;0;0;0;0;0;3293;589283,3333;0;0;0;0;0;0;2501;9594;7093
09/07/2020; 11:00:00;300;300;300;300;1300;1300;0;0;0;0;0;0;0;0;0;0;0;0;0;0;0;3401;586598,4167;0;0;0;0;0;0;2571;9772;7201
09/07/2020; 12:00:00;300;300;300;300;1300;1300;0;0;0;0;0;0;0;0;0;0;0;0;0;0;0;3367;583805,5;0;0;0;0;0;0;2659;9826;7167
09/07/2020; 13:00:00;300;300;300;300;1300;1300;0;0;0;0;0;0;0;0;0;0;0;0;0;0;0;3073;581046,5833;0;0;0;0;0;0;2773;9646;6873
09/07/2020; 14:00:00;300;300;300;300;1300;1300;0;0;0;0;0;0;0;0;0;0;0;0;0;0;0;2912;578581,6667;0;0;0;0;0;0;2815;9527;6712
09/07/2020; 15:00:00;300;300;300;300;1300;1300;0;0;0;0;0;0;0;0;0;0;0;0;0;0;0;2488;576277,75;0;0;0;0;0;0;2935;9223;6288
09/07/2020; 16:00:00;300;300;300;300;1300;1300;0;0;0;0;0;0;0;0;0;0;0;0;0;0;0;2286;574397,8333;0;0;0;0;0;0;2876;8962;6086
09/07/2020; 17:00:00;300;300;300;300;1300;1300;0;0;0;0;0;0;0;0;0;0;601;0;0;0;0;1531;572719,9167;0;0;0;0;0;0;2873;8805;5932
09/07/2020; 18:00:00;300;300;300;300;1300;1300;0;0;0;0;0;0;0;0;0;0;219,9333333;0;0;0;0;2249,066667;571797;0;0;0;0;0;0;2682;8951;6269
09/07/2020; 19:00:00;300;300;300;300;1300;1300;0;0;0;0;0;0;0;0;0;0;601;0;0;0;0;2103;570156,0167;0;0;0;0;0;0;2394;8898;6504
09/07/2020; 20:00:00;300;300;300;300;1300;1300;0;0;0;0;0;0;0;0;0;0;210,35;0;0;0;0;2274,65;568661,1;0;0;0;0;0;0;2069;8354;6285
09/07/2020; 21:00:00;300;300;300;300;1300;1300;0;0;0;0;0;0;0;0;0;0;601;0;0;0;0;1671;566994,5333;0;0;0;0;0;0;1927;7999;6072
09/07/2020; 22:00:00;300;300;300;300;1300;1300;0;0;0;0;0;0;0;0;0;0;210,35;0;0;0;0;2392,65;565931,6167;0;0;0;0;0;0;2031;8434;6403
09/07/2020; 23:00:00;300;300;300;300;1300;1300;0;0;0;0;0;0;0;0;0;0;210,35;0;0;0;0;2545,65;564147,05;0;0;0;0;0;0;1999;8555;6556
10/07/2020; 00:00:00;300;300;300;300;1300;1300;0;0;0;0;0;0;0;0;0;0;210,35;0;0;0;0;1945,65;562209,4833;0;0;0;0;0;0;1982;7938;5956
10/07/2020; 01:00:00;300;300;300;300;1300;1300;0;0;0;0;0;0;0;0;0;0;601;0;0;0;0;980;560871,9167;0;0;0;0;0;0;2126;7507;5381
10/07/2020; 02:00:00;300;300;300;300;1300;1300;0;0;0;0;0;0;0;0;0;210;593,4833333;0;0;0;0;557,5166667;560500;0;0;0;0;0;0;2030;7191;5161
10/07/2020; 03:00:00;300;300;300;300;1300;1300;0;0;0;0;0;0;0;0;0;210;210,35;0;0;0;0;658,65;560550,5667;0;0;0;0;0;0;1940;6819;4879
10/07/2020; 04:00:00;300;300;300;300;1300;1300;0;0;0;0;0;0;0;0;0;341;601;0;0;0;0;0;560500;0;0;0;0;0;0;1990;6732;4742
10/07/2020; 05:00:00;300;300;300;300;1300;1300;0;0;0;0;0;0;0;0;0;271,3166667;601;0;0;0;0;250,6833333;561108,0833;0;0;0;0;0;0;2121;7044;4923
10/07/2020; 06:00:00;300;300;300;300;1300;1300;0;0;0;0;0;0;0;0;0;600;601;0;0;0;0;416;561465,4833;0;0;0;0;0;0;2238;7655;5417
10/07/2020; 07:00:00;300;300;300;300;1300;1300;0;0;0;0;0;0;0;0;0;210;210,35;0;0;0;0;1765,65;561657,5667;0;0;0;0;0;0;2446;8432;5986
10/07/2020; 08:00:00;300;300;300;300;1300;1300;0;0;0;0;0;0;0;0;0;210;525,75;600;600;0;0;186,25;560500;0;0;0;0;0;0;3103;9025;5922
10/07/2020; 09:00:00;300;300;300;300;1300;1300;0;0;0;0;0;0;0;0;0;600;0;600;600;0;0;309;560921,8333;0;0;0;0;0;0;3484;9393;5909
10/07/2020; 10:00:00;300;300;300;300;1300;1300;0;0;0;0;0;0;0;0;0;210;0;210;210;0;0;1329;561220,9167;0;0;0;0;0;0;3782;9541;5759
10/07/2020; 11:00:00;300;300;300;300;1300;1300;0;0;0;0;0;0;0;0;0;210;0;509,9166667;600;0;0;608,0833333;560500;0;0;0;0;0;0;3943;9671;5728
10/07/2020; 12:00:00;300;300;300;300;1300;1300;0;0;0;0;0;0;0;0;0;600;0;600;600;0;0;150;560500;0;0;0;0;0;0;3975;9725;5750
10/07/2020; 13:00:00;300;300;300;300;1300;1300;0;0;0;0;0;0;0;0;0;0;0;600;600;0;0;547;560958,0833;0;0;0;0;0;0;3941;9488;5547
10/07/2020; 14:00:00;300;300;300;300;1300;1300;0;0;0;0;0;0;0;0;0;0;0;275,6666667;600;0;0;768,3333333;561019,1667;0;0;0;0;0;0;3866;9310;5444
10/07/2020; 15:00:00;300;300;300;300;1300;1300;0;0;0;0;0;0;0;0;0;0;0;210;210;0;0;967;560858,9167;0;0;0;0;0;0;3789;8976;5187
10/07/2020; 16:00:00;300;300;300;300;1300;1300;0;0;0;0;0;0;0;0;0;0;0;600;600;0;0;1;560500;0;0;0;0;0;0;3683;8684;5001
10/07/2020; 17:00:00;300;300;300;300;1300;1300;0;0;0;0;0;0;0;0;0;0;0;210;210;0;0;1053;561107,0833;0;0;0;0;0;0;3297;8570;5273
10/07/2020; 18:00:00;300;300;300;300;1300;1300;0;0;0;0;0;0;0;0;0;0;601;600;600;0;0;82;560662,1667;0;0;0;0;0;0;2995;8678;5683
10/07/2020; 19:00:00;300;300;300;300;1300;1300;0;0;0;0;0;0;0;0;0;0;601;600;600;0;0;418;561188,25;0;0;0;0;0;0;2500;8519;6019
10/07/2020; 20:00:00;300;300;300;300;1300;1300;0;0;0;0;0;0;0;0;0;0;247,15;600;600;0;0;753,85;561378,3333;0;0;0;0;0;0;2058;8059;6001
10/07/2020; 21:00:00;300;300;300;300;1300;1300;0;0;0;0;0;0;0;0;0;210;210,35;210;210;0;0;1340,65;561232,5667;0;0;0;0;0;0;1797;7778;5981
10/07/2020; 22:00:00;300;300;300;300;1300;1300;0;0;0;0;0;0;0;0;0;600;601;600;600;0;0;416;560500;0;0;0;0;0;0;1665;8282;6617
10/07/2020; 23:00:00;300;300;300;300;1300;1300;0;0;0;0;0;0;0;0;0;600;601;600;600;0;0;688;560692,0833;0;0;0;0;0;0;1542;8431;6889
11/07/2020; 00:00:00;300;300;300;300;1300;1300;0;0;0;0;0;0;0;0;0;210;306,75;600;600;0;0;720,25;560612,1667;0;0;0;0;0;0;1544;7781;6237
11/07/2020; 01:00:00;300;300;300;300;1300;1300;0;0;0;0;0;0;0;0;0;600;601;0;600;0;0;231;560500;0;0;0;0;0;0;1471;7303;5832
11/07/2020; 02:00:00;300;300;300;300;1300;1300;0;0;0;0;0;0;0;0;0;341,6666667;0;0;600;0;0;780,3333333;560877,0833;0;0;0;0;0;0;1398;6920;5522
11/07/2020; 03:00:00;300;300;300;300;1300;1300;0;0;0;0;0;0;0;0;0;600;0;0;0;0;0;581;560704,8333;0;0;0;0;0;0;1496;6477;4981
11/07/2020; 04:00:00;300;300;300;300;1300;1300;0;0;0;0;0;0;0;0;0;210;0;0;0;0;0;840;560731,9167;0;0;0;0;0;0;1424;6274;4850
11/07/2020; 05:00:00;300;300;300;300;1300;1300;0;0;0;0;0;0;0;0;0;600;0;0;0;0;0;456;560500;0;0;0;0;0;0;1425;6281;4856
11/07/2020; 06:00:00;300;300;300;300;1300;1300;0;0;0;0;0;0;0;0;0;600;0;0;0;0;0;423;560652,0833;0;0;0;0;0;0;1581;6404;4823
11/07/2020; 07:00:00;300;300;300;300;1300;1300;0;0;0;0;0;0;0;0;0;600;0;0;0;0;0;541;560837,1667;0;0;0;0;0;0;1783;6724;4941
11/07/2020; 08:00:00;300;300;300;300;1300;1300;0;0;0;0;0;0;0;0;0;249,6666667;0;0;0;0;0;1012,333333;560904,25;0;0;0;0;0;0;2229;7291;5062
11/07/2020; 09:00:00;300;300;300;300;1300;1300;0;0;0;0;0;0;0;0;0;600;0;0;0;0;0;585;560500;0;0;0;0;0;0;2810;7795;4985
11/07/2020; 10:00:00;300;300;300;300;1300;1300;0;0;0;0;0;0;0;0;0;576,75;0;0;0;0;0;504,25;560523,0833;0;0;0;0;0;0;3134;8015;4881
11/07/2020; 11:00:00;300;300;300;300;1300;1300;0;0;0;0;0;0;0;0;0;210;0;0;0;0;0;735;560626,9167;0;0;0;0;0;0;3422;8167;4745
11/07/2020; 12:00:00;300;300;300;300;1300;1300;0;0;0;0;0;0;0;0;0;460,9166667;0;0;0;0;0;608,0833333;560500;0;0;0;0;0;0;3555;8424;4869
11/07/2020; 13:00:00;300;300;300;300;1300;1300;0;0;0;0;0;0;0;0;0;210;0;0;0;0;0;434;560500;0;0;0;0;0;0;3620;8064;4444
11/07/2020; 14:00:00;300;300;300;300;1300;1300;0;0;0;0;0;0;0;0;0;0;0;0;0;0;0;315;560674,0833;0;0;0;0;0;0;3654;7769;4115
11/07/2020; 15:00:00;300;300;300;300;1300;1300;0;0;0;0;0;0;0;0;0;0;0;0;0;0;0;2;560967,1667;0;0;0;0;0;0;3648;7450;3802
11/07/2020; 16:00:00;300;300;300;300;1300;1300;0;0;0;0;0;0;0;0;0;0;0;0;0;0;0;0;561573,25;118;0;0;0;0;0;3554;7236;3682
11/07/2020; 17:00:00;300;300;300;300;1300;1300;0;0;0;0;0;0;0;0;0;0;0;0;0;0;0;0;562181,3333;2;0;88,5;0;0;0;3382;7180;3798
11/07/2020; 18:00:00;300;300;300;300;1300;1300;0;0;0;0;0;0;0;0;0;0;0;0;0;0;0;538;562789,4167;0;0;90;0;0;0;3058;7396;4338
11/07/2020; 19:00:00;300;300;300;300;1300;1300;0;0;0;0;0;0;0;0;0;0;0;0;240,9166667;0;0;798,0833333;562859,5;0;0;90;0;0;0;2575;7414;4839
11/07/2020; 20:00:00;300;300;300;300;1300;1300;0;0;0;0;0;0;0;0;0;0;0;0;600;0;0;578;562669,5;0;0;90;0;0;0;2154;7132;4978
11/07/2020; 21:00:00;300;300;300;300;1300;1300;0;0;0;0;0;0;0;0;0;0;0;0;600;0;0;376;562699,5833;0;90;90;0;0;0;2146;7012;4866
11/07/2020; 22:00:00;300;300;300;300;1300;1300;0;0;0;0;0;0;0;0;0;0;0;0;210;0;0;1680;562931,6667;0;0;0;0;0;0;1976;7666;5690
11/07/2020; 23:00:00;300;300;300;300;1300;1300;0;0;0;0;0;0;0;0;0;0;0;0;600;0;0;1537;561859,75;0;0;0;0;0;0;1995;7932;5937
12/07/2020; 00:00:00;300;300;300;300;1300;1300;0;0;0;0;0;0;0;0;0;0;0;0;600;0;0;865;560930,8333;0;0;0;0;0;0;2076;7341;5265
12/07/2020; 01:00:00;300;300;300;300;1300;1300;0;0;0;0;0;0;0;0;0;0;0;0;600;0;0;782;560673,9167;0;0;0;0;0;0;1732;6914;5182
12/07/2020; 02:00:00;300;300;300;300;1300;1300;0;0;0;0;0;0;0;0;0;0;0;0;210;0;0;595;560500;0;0;0;0;0;0;1921;6526;4605
12/07/2020; 03:00:00;300;300;300;300;1300;1300;0;0;0;0;0;0;0;0;0;0;0;0;0;0;0;254;560513,0833;0;0;0;0;0;0;2030;6084;4054
12/07/2020; 04:00:00;300;300;300;300;1300;1300;0;0;0;0;0;0;0;0;0;0;0;0;0;0;0;0;560867,1667;25;0;0;0;0;0;2086;5861;3775
12/07/2020; 05:00:00;300;300;300;300;1300;1300;0;0;0;0;0;0;0;0;0;0;0;0;0;0;0;0;561475,25;141;0;18,75;0;0;0;2109;5768;3659
12/07/2020; 06:00:00;300;300;300;300;1300;1300;0;0;0;0;0;0;0;0;0;0;0;0;0;0;0;0;562083,3333;283;0;124,5;0;0;0;2206;5723;3517
12/07/2020; 07:00:00;300;300;300;300;1300;1300;0;0;0;0;0;0;0;0;0;0;0;0;0;0;0;0;562691,4167;354;0;336,75;0;0;0;2442;5888;3446
12/07/2020; 08:00:00;300;300;300;300;1300;1300;0;0;0;0;0;0;0;0;0;0;0;0;0;0;0;0;563299,5;308;0;602,25;0;0;0;2850;6342;3492
12/07/2020; 09:00:00;300;300;300;300;1300;1300;0;0;0;0;0;0;0;0;0;0;0;0;0;0;0;0;563907,5833;424;0;833,25;0;0;0;3445;6821;3376
12/07/2020; 10:00:00;300;300;300;300;1300;1300;0;0;0;0;0;0;0;0;0;0;0;0;0;0;0;0;564515,6667;661;0;1151,25;0;0;0;3990;7129;3139
12/07/2020; 11:00:00;300;300;300;300;1300;1300;0;0;0;0;0;0;0;0;0;0;0;0;0;0;0;0;565123,75;1037;0;1647;0;0;0;4629;7392;2763
12/07/2020; 12:00:00;300;300;300;300;1300;1300;0;0;0;0;0;0;0;0;0;0;0;0;0;0;0;0;565731,8333;963;0;2424,75;0;0;0;4882;7719;2837
12/07/2020; 13:00:00;300;300;300;300;1300;1049;0;0;0;0;0;0;0;0;0;0;0;0;0;0;0;0;566339,9167;1200;0;3147;0;0;0;4992;7341;2349
12/07/2020; 14:00:00;300;300;300;300;1300;780;0;0;0;0;0;0;0;0;0;0;0;0;0;0;0;0;566948;1200;0;4047;0;0;0;4906;6986;2080
12/07/2020; 15:00:00;300;300;300;300;1300;330;0;0;0;0;0;0;0;0;0;0;0;0;0;0;0;0;567556,0833;1200;0;4947;79;0;0;5126;6677;1551
12/07/2020; 16:00:00;300;300;300;300;1300;330;0;0;0;0;0;0;0;0;0;0;0;0;0;0;0;0;568164,1667;1200;0;5847;193;0;67,15;5063;6500;1437
12/07/2020; 17:00:00;300;300;300;300;1300;330;0;0;0;0;0;0;0;0;0;0;0;0;0;0;0;0;568772,25;1200;0;6747;155;0;231,2;5037;6512;1475
12/07/2020; 18:00:00;300;300;300;300;1300;1105,823529;0;0;0;0;0;0;0;0;0;0;0;0;0;0;0;0;569380,3333;1200;0;7647;231,8235294;0;362,95;4653;6827;2174
12/07/2020; 19:00:00;300;300;300;300;1300;1300;0;0;0;0;0;0;0;0;0;0;0;0;0;0;0;0;569988,4167;851;0;8547;0;0;560;4168;7117;2949
12/07/2020; 20:00:00;300;300;300;300;1300;1300;0;0;0;0;0;0;0;0;0;0;0;0;0;0;0;0;570596,5;586;0;9185,25;0;0;560;3880;7094;3214
12/07/2020; 21:00:00;300;300;300;300;1300;1300;0;0;0;0;0;0;0;0;0;0;0;0;0;0;0;0;571204,5833;315;0;9624,75;0;0;560;3586;7071;3485
12/07/2020; 22:00:00;300;300;300;300;1300;1300;0;0;0;0;0;0;0;0;0;0;0;0;0;0;0;482;571812,6667;0;0;9861;0;196;560;3212;7690;4478
12/07/2020; 23:00:00;300;300;300;300;1300;1300;0;0;0;0;0;0;0;0;0;0;0;0;0;0;0;842;571938,75;0;0;9861;0;280;329,4117647;2967;7889;4922
13/07/2020; 00:00:00;300;300;300;300;1300;1300;0;0;0;0;0;0;0;0;0;0;0;0;0;0;0;0;571704,8333;227;0;9861;0;0;0;3672;7245;3573
13/07/2020; 01:00:00;300;300;300;300;1300;1300;0;0;0;0;0;0;0;0;0;0;0;0;0;0;0;0;572312,9167;554;0;10031,25;0;0;0;3594;6840;3246
13/07/2020; 02:00:00;300;300;300;300;1300;1300;0;0;0;0;0;0;0;0;0;0;0;0;0;0;0;0;572921;562;0;10446,75;0;0;0;3297;6535;3238
13/07/2020; 03:00:00;300;300;300;300;1300;1300;0;0;0;0;0;0;0;0;0;0;0;0;0;0;0;0;573529,0833;637;0;10868,25;0;0;0;3046;6209;3163
13/07/2020; 04:00:00;300;300;300;300;1300;1300;0;0;0;0;0;0;0;0;0;0;0;0;0;0;0;0;574137,1667;477;0;11346;0;0;0;2895;6218;3323
13/07/2020; 05:00:00;300;300;300;300;1300;1300;0;0;0;0;0;0;0;0;0;0;0;0;0;0;0;68;574745,25;0;0;11703,75;0;0;0;2756;6624;3868
13/07/2020; 06:00:00;300;300;300;300;1300;1300;0;0;0;0;0;0;0;0;0;0;0;0;0;0;0;703;575285,3333;0;0;11703,75;0;0;0;2785;7288;4503
13/07/2020; 07:00:00;300;300;300;300;1300;1300;0;0;0;0;0;0;0;0;0;0;0;0;0;0;0;1338;575190,4167;0;0;11703,75;0;0;0;2926;8064;5138
13/07/2020; 08:00:00;300;300;300;300;1300;1300;0;0;0;0;0;0;0;0;0;0;0;0;0;0;0;1889;574460,5;0;0;11703,75;0;0;0;3072;8761;5689
13/07/2020; 09:00:00;300;300;300;300;1300;1300;0;0;0;0;0;0;0;0;0;0;0;0;0;0;0;2328;573179,5833;0;0;11703,75;0;0;0;3058;9186;6128
13/07/2020; 10:00:00;300;300;300;300;1300;1300;0;0;0;0;0;0;0;0;0;0;0;0;0;0;0;2219;571459,6667;0;0;11703,75;0;0;0;3405;9424;6019
13/07/2020; 11:00:00;300;300;300;300;1300;1300;0;0;0;0;0;0;0;0;0;0;0;0;0;0;0;1177;569848,75;0;1200;11703,75;0;0;0;3446;9623;6177
13/07/2020; 12:00:00;300;300;300;300;1300;1300;0;0;0;0;0;0;0;0;0;0;0;0;0;0;0;1081;569279,8333;0;1200;10503,75;0;0;0;3633;9714;6081
13/07/2020; 13:00:00;300;300;300;300;1300;1300;0;0;0;0;0;0;0;0;0;0;0;0;0;0;0;951;568806,9167;0;1200;9303,75;0;0;0;3653;9604;5951
13/07/2020; 14:00:00;300;300;300;300;1300;1300;0;0;0;0;0;0;0;0;0;0;0;0;0;0;0;2048;568464;0;0;8103,75;0;0;0;3672;9520;5848
13/07/2020; 15:00:00;300;300;300;300;1300;1300;0;0;0;0;0;0;0;0;0;0;0;0;0;0;0;1753;567024,0833;0;0;8103,75;0;0;0;3705;9258;5553
13/07/2020; 16:00:00;300;300;300;300;1300;1300;0;0;0;0;0;0;0;0;0;0;0;0;0;0;0;1639;565879,1667;0;0;8103,75;0;0;0;3571;9010;5439
13/07/2020; 17:00:00;300;300;300;300;1300;1300;0;0;0;0;0;0;0;0;0;0;0;0;0;0;0;1529;564848,25;0;0;8103,75;0;0;0;3536;8865;5329
13/07/2020; 18:00:00;300;300;300;300;1300;1300;0;0;0;0;0;0;0;0;0;0;0;0;0;0;0;2010;563927,3333;0;0;8103,75;0;0;0;3221;9031;5810
13/07/2020; 19:00:00;300;300;300;300;1300;1300;0;0;0;0;0;0;0;0;0;0;0;0;0;0;0;1636,833333;562525,4167;0;683,1666667;8103,75;0;0;0;2884;9004;6120
13/07/2020; 20:00:00;300;300;300;300;1300;1300;0;0;0;0;0;0;0;0;0;0;0;0;0;0;0;756;561496,6667;0;1200;7420,583333;0;0;0;2751;8507;5756
13/07/2020; 21:00:00;300;300;300;300;1300;1300;0;0;0;0;0;0;0;0;0;0;0;0;0;0;0;539;561348,75;0;1200;6220,583333;0;0;0;2624;8163;5539
13/07/2020; 22:00:00;300;300;300;300;1300;1300;0;0;0;0;0;0;0;0;0;0;0;0;0;0;0;1018;561417,8333;0;1200;5020,583333;0;0;0;2589;8607;6018
13/07/2020; 23:00:00;300;300;300;300;1300;1300;0;0;0;0;0;0;0;0;0;210;0;0;0;0;0;1116;561007,9167;0;1200;3820,583333;0;0;0;2322;8648;6326
14/07/2020; 00:00:00;300;300;300;300;1300;1300;0;0;0;0;0;0;0;0;0;600;0;0;0;0;0;608,0833333;560500;0;603,9166667;2620,583333;0;0;0;2369;7981;5612
14/07/2020; 01:00:00;300;300;300;300;1300;1300;0;0;0;0;0;0;0;0;0;600;0;0;600;0;0;0;560500;0;496;2016,666667;0;0;0;2077;7573;5496
14/07/2020; 02:00:00;300;300;300;300;1300;1300;0;0;0;0;0;0;0;0;0;600;0;0;600;0;0;0;561108,0833;0;303;1520,666667;0;0;0;1977;7280;5303
14/07/2020; 03:00:00;300;300;300;300;1300;1300;0;0;0;0;0;0;0;0;0;535;0;0;600;0;0;0;561716,1667;0;0;1217,666667;0;0;0;1992;6927;4935
14/07/2020; 04:00:00;300;300;300;300;1300;1300;0;0;0;0;0;0;0;0;0;309;0;0;600;0;0;0;562324,25;0;0;1217,666667;0;0;0;2144;6853;4709
14/07/2020; 05:00:00;300;300;300;300;1300;1300;0;0;0;0;0;0;0;0;0;231,7166667;0;0;600;0;0;0;562932,3333;0;247,2833333;1217,666667;0;0;0;2269;7148;4879
14/07/2020; 06:00:00;300;300;300;300;1300;1300;0;0;0;0;0;0;0;0;0;210;0;210;210;0;0;971;563540,4167;0;0;970,3833333;0;0;0;2311;7712;5401
14/07/2020; 07:00:00;300;300;300;300;1300;1300;0;0;0;0;0;0;0;0;0;600;0;600;600;0;0;485;563177,5;0;0;970,3833333;0;0;0;2399;8484;6085
14/07/2020; 08:00:00;300;300;300;300;1300;1300;0;0;0;0;0;0;0;0;0;600;0;600;600;0;0;1011;563300,5833;0;0;970,3833333;0;0;0;2518;9129;6611
14/07/2020; 09:00:00;300;300;300;300;1300;1300;0;0;0;0;0;0;0;0;0;600;601;600;600;0;0;739;562897,6667;0;0;970,3833333;0;0;0;2614;9554;6940
14/07/2020; 10:00:00;300;300;300;300;1300;1300;0;0;0;0;0;0;0;0;0;210;210,35;210;210;0;0;1305,266667;562766,75;0;970,3833333;970,3833333;0;0;0;2882;9798;6916
14/07/2020; 11:00:00;300;300;300;300;1300;1300;0;0;0;0;0;0;0;0;0;210;210,35;210;210;0;0;2177,65;562069,5667;0;0;0;0;0;0;3203;10021;6818
14/07/2020; 12:00:00;300;300;300;300;1300;1300;0;0;0;0;0;0;0;0;0;595,9166667;601;600;600;0;0;608,0833333;560500;0;0;0;0;0;0;3294;10099;6805
14/07/2020; 13:00:00;300;300;300;300;1300;1300;0;0;0;0;0;0;0;0;0;600;601;600;600;0;0;287;560500;0;0;0;0;0;0;3497;9985;6488
14/07/2020; 14:00:00;300;300;300;300;1300;1300;0;0;0;0;0;0;0;0;0;600;601;600;600;0;0;178;560821,0833;0;0;0;0;0;0;3582;9961;6379
14/07/2020; 15:00:00;300;300;300;300;1300;1300;0;0;0;0;0;0;0;0;0;392;601;600;600;0;0;0;561251,1667;0;0;0;0;0;0;3731;9724;5993
14/07/2020; 16:00:00;300;300;300;300;1300;1300;0;0;0;0;0;0;0;0;0;210;210,35;210;210;0;0;979,65;561859,25;0;0;0;0;0;0;3893;9513;5620
14/07/2020; 17:00:00;300;300;300;300;1300;1300;0;0;0;0;0;0;0;0;0;210;371;600;600;0;0;0;561487,6833;0;0;0;0;0;0;3762;9343;5581
14/07/2020; 18:00:00;300;300;300;300;1300;1300;0;0;0;0;0;0;0;0;0;210;210,35;210;210;0;0;1326,65;562095,7667;0;0;0;0;0;0;3452;9419;5967
14/07/2020; 19:00:00;300;300;300;300;1300;1300;0;0;0;0;0;0;0;0;0;429;601;600;600;0;0;0;561377,2;0;0;0;0;0;0;3272;9302;6030
14/07/2020; 20:00:00;300;300;300;300;1300;1300;0;0;0;0;0;0;0;0;0;0;597,6;600;600;0;0;156,4;561985,2833;0;0;0;0;0;0;3016;8770;5754
14/07/2020; 21:00:00;300;300;300;300;1300;1300;0;0;0;0;0;0;0;0;0;0;601;600;600;0;0;219;562436,9667;0;0;0;0;0;0;2621;8441;5820
14/07/2020; 22:00:00;300;300;300;300;1300;1300;0;0;0;0;0;0;0;0;0;0;210,35;210;210;0;0;1792,65;562826,05;0;0;0;0;0;0;2663;8886;6223
14/07/2020; 23:00:00;300;300;300;300;1300;1300;0;0;0;0;0;0;0;0;0;0;601;600;600;0;0;1027;561641,4833;0;0;0;0;0;0;2259;8887;6628
15/07/2020; 00:00:00;300;300;300;300;1300;1300;0;0;0;0;0;0;0;0;0;0;210,35;210;210;0;0;1330,65;561222,5667;0;0;0;0;0;0;2333;8094;5761
15/07/2020; 01:00:00;300;300;300;300;1300;1300;0;0;0;0;0;0;0;0;0;0;210,35;435,5666667;600;0;0;608,0833333;560500;0;0;0;0;0;0;2028;7682;5654
15/07/2020; 02:00:00;300;300;300;300;1300;1300;0;0;0;0;0;0;0;0;0;0;562;600;600;0;0;0;560500;0;0;0;0;0;0;1823;7385;5562
15/07/2020; 03:00:00;300;300;300;300;1300;1300;0;0;0;0;0;0;0;0;0;0;210,35;210;210;0;0;956,65;561108,0833;0;0;0;0;0;0;1645;7032;5387
15/07/2020; 04:00:00;300;300;300;300;1300;1300;0;0;0;0;0;0;0;0;0;210;288;600;600;0;0;0;560759,5167;0;0;0;0;0;0;1460;6958;5498
15/07/2020; 05:00:00;300;300;300;300;1300;1300;0;0;0;0;0;0;0;0;0;270;601;600;600;0;0;0;561367,6;0;0;0;0;0;0;1372;7243;5871
15/07/2020; 06:00:00;300;300;300;300;1300;1300;0;0;0;0;0;0;0;0;0;600;601;600;600;0;0;144;561975,6833;0;0;0;0;0;0;1452;7797;6345
15/07/2020; 07:00:00;300;300;300;300;1300;1300;0;0;0;0;0;0;0;0;0;600;601;600;600;0;0;498;562439,7667;0;0;0;0;0;0;1882;8581;6699
15/07/2020; 08:00:00;300;300;300;300;1300;1300;0;0;0;0;0;0;0;0;0;600;601;600;600;0;0;793;562549,85;0;0;0;0;0;0;2233;9227;6994
15/07/2020; 09:00:00;300;300;300;300;1300;1300;0;0;0;0;0;0;0;0;0;600;601;600;600;0;0;836;562364,9333;0;0;0;0;0;0;2629;9666;7037
15/07/2020; 10:00:00;300;300;300;300;1300;1300;0;0;0;0;0;0;0;0;0;600;601;600;600;0;0;632;562137,0167;0;0;0;0;0;0;3094;9927;6833
15/07/2020; 11:00:00;300;300;300;300;1300;1300;0;0;0;0;0;0;0;0;0;600;601;600;600;0;0;713;562113,1;0;0;0;0;0;0;3241;10155;6914
15/07/2020; 12:00:00;300;300;300;300;1300;1300;0;0;0;0;0;0;0;0;0;210;210,35;210;302,3833333;0;0;2116,266667;562008,1833;0;0;0;0;0;0;3382;10231;6849
15/07/2020; 13:00:00;300;300;300;300;1300;1300;0;0;0;0;0;0;0;0;0;314,9166667;601;600;600;0;0;608,0833333;560500;0;0;0;0;0;0;3590;10114;6524
15/07/2020; 14:00:00;300;300;300;300;1300;1300;0;0;0;0;0;0;0;0;0;561;601;600;600;0;0;0;560500;0;0;0;0;0;0;3935;10097;6162
15/07/2020; 15:00:00;300;300;300;300;1300;1300;0;0;0;0;0;0;0;0;0;245;601;600;600;0;0;0;561108,0833;0;0;0;0;0;0;4013;9859;5846
15/07/2020; 16:00:00;300;300;300;300;1300;1300;0;0;0;0;0;0;0;0;0;210;210,35;210;210;0;0;1086,65;561716,1667;0;0;0;0;0;0;3915;9642;5727
15/07/2020; 17:00:00;300;300;300;300;1300;1300;0;0;0;0;0;0;0;0;0;210;571;600;600;0;0;0;561237,6;0;0;0;0;0;0;3679;9460;5781
15/07/2020; 18:00:00;300;300;300;300;1300;1300;0;0;0;0;0;0;0;0;0;600;601;600;600;0;0;120;561845,6833;0;0;0;0;0;0;3188;9509;6321
15/07/2020; 19:00:00;300;300;300;300;1300;1300;0;0;0;0;0;0;0;0;0;551;601;600;600;0;0;0;562333,7667;0;0;0;0;0;0;3222;9374;6152
15/07/2020; 20:00:00;300;300;300;300;1300;1300;0;0;0;0;0;0;0;0;0;266;601;600;600;0;0;0;562941,85;0;0;0;0;0;0;2964;8831;5867
15/07/2020; 21:00:00;300;300;300;300;1300;1300;0;0;0;0;0;0;0;0;0;210;210,35;210;210;0;0;1187,65;563549,9333;0;0;0;0;0;0;2670;8498;5828
15/07/2020; 22:00:00;300;300;300;300;1300;1300;0;0;0;0;0;0;0;0;0;210;210,35;210;210;0;0;1699,65;562970,3667;0;0;0;0;0;0;2600;8940;6340
15/07/2020; 23:00:00;300;300;300;300;1300;1300;0;0;0;0;0;0;0;0;0;528,5166667;601;0;600;0;0;952,4833333;561878,8;0;0;0;0;0;0;2444;8926;6482
16/07/2020; 00:00:00;300;300;300;300;1300;1300;0;0;0;0;0;0;0;0;0;210;210,35;0;210;0;0;1164,65;561534,4;0;0;0;0;0;0;2428;8023;5595
16/07/2020; 01:00:00;300;300;300;300;1300;1300;0;0;0;0;0;0;0;0;0;210;0;0;210;0;0;1079;560977,8333;0;0;0;0;0;0;2231;7530;5299
16/07/2020; 02:00:00;300;300;300;300;1300;1300;0;0;0;0;0;0;0;0;0;0;0;0;600;0;0;615;560506,9167;0;0;0;0;0;0;2163;7178;5015
16/07/2020; 03:00:00;300;300;300;300;1300;1300;0;0;0;0;0;0;0;0;0;0;0;0;600;0;0;304;560500;0;0;0;0;0;0;2070;6774;4704
16/07/2020; 04:00:00;300;300;300;300;1300;1300;0;0;0;0;0;0;0;0;0;0;0;0;600;0;0;150;560804,0833;0;0;0;0;0;0;2070;6620;4550
16/07/2020; 05:00:00;300;300;300;300;1300;1300;0;0;0;0;0;0;0;0;0;0;0;0;600;0;0;242;561262,1667;0;0;0;0;0;0;2062;6704;4642
16/07/2020; 06:00:00;300;300;300;300;1300;1300;0;0;0;0;0;0;0;0;0;0;0;0;210;0;0;709;561628,25;0;0;0;0;0;0;2128;6847;4719
16/07/2020; 07:00:00;300;300;300;300;1300;1300;0;0;0;0;0;0;0;0;0;0;0;0;600;0;0;524;561527,3333;0;0;0;0;0;0;2349;7273;4924
16/07/2020; 08:00:00;300;300;300;300;1300;1300;0;0;0;0;0;0;0;0;0;0;0;0;600;0;0;783;561611,4167;0;0;0;0;0;0;2680;7863;5183
16/07/2020; 09:00:00;300;300;300;300;1300;1300;0;0;0;0;0;0;0;0;0;0;0;0;600;0;0;867;561436,5;0;0;0;0;0;0;3196;8463;5267
16/07/2020; 10:00:00;300;300;300;300;1300;1300;0;0;0;0;0;0;0;0;0;0;0;0;342,3333333;0;0;774,6666667;561177,5833;0;0;0;0;0;0;3848;8765;4917
16/07/2020; 11:00:00;300;300;300;300;1300;1300;0;0;0;0;0;0;0;0;0;0;0;0;210;0;0;556;561011;0;0;0;0;0;0;4400;8966;4566
16/07/2020; 12:00:00;300;300;300;300;1300;1300;0;0;0;0;0;0;0;0;0;0;0;0;0;0;0;759;561063,0833;0;0;0;0;0;0;4633;9192;4559
16/07/2020; 13:00:00;300;300;300;300;1300;1300;0;0;0;0;0;0;0;0;0;0;0;0;0;0;0;482;560912,1667;0;0;0;0;0;0;4658;8940;4282
16/07/2020; 14:00:00;300;300;300;300;1300;1300;0;0;0;0;0;0;0;0;0;0;0;0;0;0;0;38;561038,25;0;0;0;0;0;0;4971;8809;3838
16/07/2020; 15:00:00;300;300;300;300;1300;1300;0;0;0;0;0;0;0;0;0;0;0;0;0;0;0;0;561608,3333;192;0;0;0;0;0;4941;8549;3608
16/07/2020; 16:00:00;300;300;300;300;1300;1300;0;0;0;0;0;0;0;0;0;0;0;0;0;0;0;0;562216,4167;351;0;144;0;0;0;4875;8324;3449
16/07/2020; 17:00:00;300;300;300;300;1300;1300;0;0;0;0;0;0;0;0;0;0;0;0;0;0;0;0;562824,5;127;0;407,25;0;0;0;4528;8201;3673
16/07/2020; 18:00:00;300;300;300;300;1300;1300;0;0;0;0;0;0;0;0;0;0;0;0;0;0;0;88;563432,5833;0;0;502,5;0;0;0;4327;8215;3888
16/07/2020; 19:00:00;300;300;300;300;1300;1300;0;0;0;0;0;0;0;0;0;0;0;0;0;0;0;470;563952,6667;0;0;502,5;0;0;0;3846;8116;4270
16/07/2020; 20:00:00;300;300;300;300;1300;1300;0;0;0;0;0;0;0;0;0;0;0;0;0;0;0;614;564090,75;0;0;502,5;0;0;0;3314;7728;4414
16/07/2020; 21:00:00;300;300;300;300;1300;1300;0;0;0;0;0;0;0;0;0;0;0;0;0;0;0;713;564084,8333;0;0;502,5;0;0;0;3143;7656;4513
16/07/2020; 22:00:00;300;300;300;300;1300;1300;0;0;0;0;0;0;0;0;0;0;0;0;0;0;0;1386;563979,9167;0;0;502,5;0;0;0;3105;8291;5186
16/07/2020; 23:00:00;300;300;300;300;1300;1300;0;0;0;0;0;0;0;0;0;0;0;0;0;0;0;960,5;563202;0;502,5;502,5;0;0;0;3127;8390;5263
17/07/2020; 00:00:00;300;300;300;300;1300;1300;0;0;0;0;0;0;0;0;0;0;0;0;0;0;0;526;562849,5833;0;0;0;0;0;0;3336;7662;4326
17/07/2020; 01:00:00;300;300;300;300;1300;1300;0;0;0;0;0;0;0;0;0;0;0;0;0;0;0;371;562931,6667;0;0;0;0;0;0;3047;7218;4171
17/07/2020; 02:00:00;300;300;300;300;1300;1300;0;0;0;0;0;0;0;0;0;0;0;0;0;0;0;159;563168,75;0;0;0;0;0;0;2884;6843;3959
17/07/2020; 03:00:00;300;300;300;300;1300;1013;0;0;0;0;0;0;0;0;0;0;0;0;0;0;0;0;563617,8333;0;0;0;0;0;0;2896;6409;3513
17/07/2020; 04:00:00;300;300;300;300;1300;862;0;0;0;0;0;0;0;0;0;0;0;0;0;0;0;0;564225,9167;0;0;0;0;0;0;2815;6177;3362
17/07/2020; 05:00:00;300;300;300;300;1300;916;0;0;0;0;0;0;0;0;0;0;0;0;0;0;0;0;564834;0;0;0;0;0;0;2650;6066;3416
17/07/2020; 06:00:00;300;300;300;300;1300;951;0;0;0;0;0;0;0;0;0;0;0;0;0;0;0;0;565442,0833;0;0;0;0;0;0;2508;5959;3451
17/07/2020; 07:00:00;300;300;300;300;1300;1300;0;0;0;0;0;0;0;0;0;0;0;0;0;0;0;0;566050,1667;300;0;0;0;0;0;2658;6158;3500
17/07/2020; 08:00:00;300;300;300;300;1300;906;0;0;0;0;0;0;0;0;0;0;0;0;0;0;0;0;566658,25;0;0;225;0;0;0;3219;6625;3406
17/07/2020; 09:00:00;300;300;300;300;1300;1300;0;0;0;0;0;0;0;0;0;0;0;0;0;0;0;0;567266,3333;437;0;225;0;0;0;3786;7149;3363
17/07/2020; 10:00:00;300;300;300;300;1300;1124,333333;0;0;0;0;0;0;0;0;0;0;0;0;0;0;0;0;567874,4167;306,3333333;0;552,75;0;0;0;4204;7522;3318
17/07/2020; 11:00:00;300;300;300;300;1300;729;0;0;0;0;0;0;0;0;0;0;0;0;0;0;0;0;568482,5;0;0;782,5;0;0;0;4556;7785;3229
17/07/2020; 12:00:00;300;300;300;300;1300;1300;0;0;0;0;0;0;0;0;0;0;0;0;0;0;0;0;569090,5833;408;0;782,5;0;0;0;4735;8127;3392
17/07/2020; 13:00:00;300;300;300;300;1300;637,8235294;0;0;0;0;0;0;0;0;0;0;0;0;0;0;0;0;569698,6667;0;0;1088,5;117,8235294;0;0;4763;7783;3020
17/07/2020; 14:00:00;300;300;300;300;1300;330;0;0;0;0;0;0;0;0;0;0;0;0;0;0;0;0;570306,75;182;0;1088,5;0;0;100,15;4866;7514;2648
17/07/2020; 15:00:00;300;300;300;300;1300;1282;0;0;0;0;0;0;0;0;0;0;0;0;0;0;0;0;570914,8333;1200;0;1225;280;0;100,15;4939;7241;2302
17/07/2020; 16:00:00;300;300;300;300;1300;1300;0;0;0;0;0;0;0;0;0;0;0;0;0;0;0;0;571522,9167;1200;0;2125;261;0;338,15;4734;7073;2339
17/07/2020; 17:00:00;300;300;300;300;1300;1300;0;0;0;0;0;0;0;0;0;0;0;0;0;0;0;0;572131;1102;0;3025;0;0;560;4356;7054;2698
17/07/2020; 18:00:00;300;300;300;300;1300;1300;0;0;0;0;0;0;0;0;0;0;0;0;0;0;0;0;572739,0833;470;0;3851,5;0;0;560;3895;7225;3330
17/07/2020; 19:00:00;300;300;300;300;1300;1300;0;0;0;0;0;0;0;0;0;0;0;0;0;0;0;0;573347,1667;0;342;4204;0;0;560;3261;7403;4142
17/07/2020; 20:00:00;300;300;300;300;1300;1300;0;0;0;0;0;0;0;0;0;0;0;0;0;0;0;0;573955,25;0;691;3862;0;0;560;2837;7328;4491
17/07/2020; 21:00:00;300;300;300;300;1300;1300;0;0;0;0;0;0;0;0;0;0;0;0;0;0;0;0;574563,3333;0;771;3171;0;0;560;2763;7334;4571
17/07/2020; 22:00:00;300;300;300;300;1300;1300;0;0;0;0;0;0;0;0;0;0;0;0;0;0;0;0;575171,4167;0;1200;2400;0;70;560;2861;7931;5070
17/07/2020; 23:00:00;300;300;300;300;1300;1300;0;0;0;0;0;0;0;0;0;0;0;0;0;0;0;215;575779,5;0;1200;1200;0;280;477,6470588;2570;8065;5495
18/07/2020; 00:00:00;300;300;300;300;1300;1300;0;0;0;0;0;0;0;0;0;0;0;0;0;0;0;1465;576172,5833;0;0;0;0;126;148,2352941;2531;7922;5391
18/07/2020; 01:00:00;300;300;300;300;1300;1300;0;0;0;0;0;0;0;0;0;0;0;0;0;0;0;1560;575315,6667;0;0;0;0;0;0;2065;7425;5360
18/07/2020; 02:00:00;300;300;300;300;1300;1300;0;0;0;0;0;0;0;0;0;0;0;0;0;0;0;1433;574363,75;0;0;0;0;0;0;1833;7066;5233
18/07/2020; 03:00:00;300;300;300;300;1300;1300;0;0;0;0;0;0;0;0;0;0;0;0;0;0;0;1055;573538,8333;0;0;0;0;0;0;1796;6651;4855
18/07/2020; 04:00:00;300;300;300;300;1300;1300;0;0;0;0;0;0;0;0;0;0;0;0;0;0;0;932;573091,9167;0;0;0;0;0;0;1752;6484;4732
18/07/2020; 05:00:00;300;300;300;300;1300;1300;0;0;0;0;0;0;0;0;0;0;0;0;0;0;0;1071;572768;0;0;0;0;0;0;1698;6569;4871
18/07/2020; 06:00:00;300;300;300;300;1300;1300;0;0;0;0;0;0;0;0;0;0;0;0;0;0;0;1176;572305,0833;0;0;0;0;0;0;1740;6716;4976
18/07/2020; 07:00:00;300;300;300;300;1300;1300;0;0;0;0;0;0;0;0;0;0;0;0;0;0;0;1274;571737,1667;0;0;0;0;0;0;2037;7111;5074
18/07/2020; 08:00:00;300;300;300;300;1300;1300;0;0;0;0;0;0;0;0;0;0;0;0;0;0;0;1456;571071,25;0;0;0;0;0;0;2430;7686;5256
18/07/2020; 09:00:00;300;300;300;300;1300;1300;0;0;0;0;0;0;0;0;0;0;0;0;0;0;0;1342;570223,3333;0;0;0;0;0;0;3104;8246;5142
18/07/2020; 10:00:00;300;300;300;300;1300;1300;0;0;0;0;0;0;0;0;0;0;0;0;0;0;0;1078;569489,4167;0;0;0;0;0;0;3623;8501;4878
18/07/2020; 11:00:00;300;300;300;300;1300;1300;0;0;0;0;0;0;0;0;0;0;0;0;0;0;0;977;569019,5;0;0;0;0;0;0;3894;8671;4777
18/07/2020; 12:00:00;300;300;300;300;1300;1300;0;0;0;0;0;0;0;0;0;0;0;0;0;0;0;1029;568650,5833;0;0;0;0;0;0;4045;8874;4829
18/07/2020; 13:00:00;300;300;300;300;1300;1300;0;0;0;0;0;0;0;0;0;0;0;0;0;0;0;535;568229,6667;0;0;0;0;0;0;4262;8597;4335
18/07/2020; 14:00:00;300;300;300;300;1300;1300;0;0;0;0;0;0;0;0;0;0;0;0;0;0;0;314;568302,75;0;0;0;0;0;0;4300;8414;4114
18/07/2020; 15:00:00;300;300;300;300;1300;1300;0;0;0;0;0;0;0;0;0;0;0;0;0;0;0;64;568596,8333;0;0;0;0;0;0;4264;8128;3864
18/07/2020; 16:00:00;300;300;300;300;1300;1300;0;0;0;0;0;0;0;0;0;0;0;0;0;0;0;30;569140,9167;0;0;0;0;0;0;4070;7900;3830
18/07/2020; 17:00:00;300;300;300;300;1300;1300;0;0;0;0;0;0;0;0;0;0;0;0;0;0;0;194;569719;0;0;0;0;0;0;3804;7798;3994
18/07/2020; 18:00:00;300;300;300;300;1300;1300;0;0;0;0;0;0;0;0;0;0;0;0;0;0;0;887;570133,0833;0;0;0;0;0;0;3205;7892;4687
18/07/2020; 19:00:00;300;300;300;300;1300;1300;0;0;0;0;0;0;0;0;0;0;0;0;0;0;0;1505;569854,1667;0;0;0;0;0;0;2546;7851;5305
18/07/2020; 20:00:00;300;300;300;300;1300;1300;0;0;0;0;0;0;0;0;0;0;0;0;0;0;0;1535;568957,25;0;0;0;0;0;0;2155;7490;5335
18/07/2020; 21:00:00;300;300;300;300;1300;1300;0;0;0;0;0;0;0;0;0;0;0;0;0;0;0;1516;568030,3333;0;0;0;0;0;0;2104;7420;5316
18/07/2020; 22:00:00;300;300;300;300;1300;1300;0;0;0;0;0;0;0;0;0;0;0;0;0;0;0;2260;567122,4167;0;0;0;0;0;0;1985;8045;6060
18/07/2020; 23:00:00;300;300;300;300;1300;1300;0;0;0;0;0;0;0;0;0;0;0;0;0;0;0;2455;565470,5;0;0;0;0;0;0;1940;8195;6255
19/07/2020; 00:00:00;300;300;300;300;1300;1300;0;0;0;0;0;0;0;0;0;0;0;0;0;0;0;1676;563623,5833;0;0;0;0;0;0;2039;7515;5476
19/07/2020; 01:00:00;300;300;300;300;1300;1300;0;0;0;0;0;0;0;0;0;0;0;0;0;0;0;1512;562555,6667;0;0;0;0;0;0;1761;7073;5312
19/07/2020; 02:00:00;300;300;300;300;1300;1300;0;0;0;0;0;0;0;0;0;0;0;0;0;0;0;1344;561651,75;0;0;0;0;0;0;1554;6698;5144
19/07/2020; 03:00:00;300;300;300;300;1300;1300;0;0;0;0;0;0;0;0;0;0;0;0;0;0;0;937;560915,8333;0;0;0;0;0;0;1523;6260;4737
19/07/2020; 04:00:00;300;300;300;300;1300;1300;0;0;0;0;0;0;0;0;0;0;0;0;0;0;0;695;560586,9167;0;0;0;0;0;0;1529;6024;4495
19/07/2020; 05:00:00;300;300;300;300;1300;1300;0;0;0;0;0;0;0;0;0;0;0;0;0;0;0;591;560500;0;0;0;0;0;0;1535;5926;4391
19/07/2020; 06:00:00;300;300;300;300;1300;1300;0;0;0;0;0;0;0;0;0;0;0;0;0;0;0;403;560517,0833;0;0;0;0;0;0;1630;5833;4203
19/07/2020; 07:00:00;300;300;300;300;1300;1300;0;0;0;0;0;0;0;0;0;0;0;0;0;0;0;398;560722,1667;0;0;0;0;0;0;1817;6015;4198
19/07/2020; 08:00:00;300;300;300;300;1300;1300;0;0;0;0;0;0;0;0;0;0;0;0;0;0;0;389;560932,25;0;0;0;0;0;0;2290;6479;4189
19/07/2020; 09:00:00;300;300;300;300;1300;1300;0;0;0;0;0;0;0;0;0;0;0;0;0;0;0;322;561151,3333;0;0;0;0;0;0;2858;6980;4122
19/07/2020; 10:00:00;300;300;300;300;1300;1300;0;0;0;0;0;0;0;0;0;0;0;0;0;0;0;87;561437,4167;0;0;0;0;0;0;3441;7328;3887
19/07/2020; 11:00:00;300;300;300;300;1300;1300;0;0;0;0;0;0;0;0;0;0;0;0;0;0;0;0;561958,5;146;0;0;0;0;0;3925;7579;3654
19/07/2020; 12:00:00;300;300;300;300;1300;1300;0;0;0;0;0;0;0;0;0;0;0;0;0;0;0;0;562566,5833;59;0;109,5;0;0;0;4176;7917;3741
19/07/2020; 13:00:00;300;300;300;300;1300;1300;0;0;0;0;0;0;0;0;0;0;0;0;0;0;0;0;563174,6667;482;0;153,75;0;0;0;4249;7567;3318
19/07/2020; 14:00:00;300;300;300;300;1300;1300;0;0;0;0;0;0;0;0;0;0;0;0;0;0;0;0;563782,75;715;0;515,25;0;0;0;4194;7279;3085
19/07/2020; 15:00:00;300;300;300;300;1300;1300;0;0;0;0;0;0;0;0;0;0;0;0;0;0;0;0;564390,8333;959;0;1051,5;0;0;0;4164;7005;2841
19/07/2020; 16:00:00;300;300;300;300;1300;1300;0;0;0;0;0;0;0;0;0;0;0;0;0;0;0;0;564998,9167;839;0;1770,75;0;0;0;3887;6848;2961
19/07/2020; 17:00:00;300;300;300;300;1300;1300;0;0;0;0;0;0;0;0;0;0;0;0;0;0;0;0;565607;575;0;2400;0;0;0;3629;6854;3225
19/07/2020; 18:00:00;300;300;300;300;1300;1300;0;0;0;0;0;0;0;0;0;0;0;0;0;0;0;72;566215,0833;0;0;2831,25;0;0;0;3202;7074;3872
19/07/2020; 19:00:00;300;300;300;300;1300;1300;0;0;0;0;0;0;0;0;0;0;0;0;0;0;0;878;566751,1667;0;0;2831,25;0;0;0;2608;7286;4678
19/07/2020; 20:00:00;300;300;300;300;1300;1300;0;0;0;0;0;0;0;0;0;210;0;0;0;0;0;1057;566481,25;0;0;2831,25;0;0;0;2165;7232;5067
19/07/2020; 21:00:00;300;300;300;300;1300;1300;0;0;0;0;0;0;0;0;0;210;0;0;0;0;0;1231;566032,3333;0;0;2831,25;0;0;0;2006;7247;5241
19/07/2020; 22:00:00;300;300;300;300;1300;1300;0;0;0;0;0;0;0;0;0;600;0;0;0;0;0;1589;565409,4167;0;0;2831,25;0;0;0;1860;7849;5989
19/07/2020; 23:00:00;300;300;300;300;1300;1300;0;0;0;0;0;0;0;0;0;210;0;210;0;0;0;2009;564428,5;0;0;2831,25;0;0;0;1778;8007;6229
20/07/2020; 00:00:00;300;300;300;300;1300;1300;0;0;0;0;0;0;0;0;0;561;0;600;600;0;0;0;563027,5833;0;0;2831,25;0;0;0;1793;7354;5561
20/07/2020; 01:00:00;300;300;300;300;1300;1300;0;0;0;0;0;0;0;0;0;210;210,35;542,65;600;0;0;0;563635,6667;0;0;2831,25;0;0;0;1592;6955;5363
20/07/2020; 02:00:00;300;300;300;300;1300;1300;0;0;0;0;0;0;0;0;0;210;210,35;210;210;0;0;555,65;564243,75;0;0;2831,25;0;0;0;1436;6632;5196
20/07/2020; 03:00:00;300;300;300;300;1300;1300;0;0;0;0;0;0;0;0;0;210;210,35;210;210;0;0;219,65;564296,1833;0;0;2831,25;0;0;0;1433;6293;4860
20/07/2020; 04:00:00;300;300;300;300;1300;1300;0;0;0;0;0;0;0;0;0;210;210,35;210;210;0;0;256,65;564684,6167;0;0;2831,25;0;0;0;1397;6294;4897
20/07/2020; 05:00:00;300;300;300;300;1300;1300;0;0;0;0;0;0;0;0;0;210;210,35;210;210;0;0;691,65;565036,05;0;0;2831,25;0;0;0;1353;6685;5332
20/07/2020; 06:00:00;300;300;300;300;1300;1300;0;0;0;0;0;0;0;0;0;210;601;600;600;0;0;0;564952,4833;0;0;2831,25;0;0;0;1461;7272;5811
20/07/2020; 07:00:00;300;300;300;300;1300;1300;0;0;0;0;0;0;0;0;0;210;210,35;210;210;0;0;1748,65;565560,5667;0;0;2831,25;0;0;0;1614;8003;6389
20/07/2020; 08:00:00;300;300;300;300;1300;1300;0;0;0;0;0;0;0;0;0;600;601;600;600;0;0;376;564420;0;0;2831,25;0;0;0;2113;8690;6577
20/07/2020; 09:00:00;300;300;300;300;1300;1300;0;0;0;0;0;0;0;0;0;600;601;600;600;0;0;295;564652,0833;0;0;2831,25;0;0;0;2654;9150;6496
20/07/2020; 10:00:00;300;300;300;300;1300;1300;0;0;0;0;0;0;0;0;0;600;601;600;600;0;0;9;564965,1667;0;0;2831,25;0;0;0;3189;9399;6210
20/07/2020; 11:00:00;300;300;300;300;1300;1300;0;0;0;0;0;0;0;0;0;506;601;600;600;0;0;0;565564,25;0;0;2831,25;0;0;0;3522;9629;6107
20/07/2020; 12:00:00;300;300;300;300;1300;1300;0;0;0;0;0;0;0;0;0;460;601;600;600;0;0;0;566172,3333;0;0;2831,25;0;0;0;3706;9767;6061
20/07/2020; 13:00:00;300;300;300;300;1300;1300;0;0;0;0;0;0;0;0;0;323;601;600;600;0;0;0;566780,4167;0;0;2831,25;0;0;0;3749;9673;5924
20/07/2020; 14:00:00;300;300;300;300;1300;1300;0;0;0;0;0;0;0;0;0;417;601;600;600;0;0;0;567388,5;0;0;2831,25;0;0;0;3598;9616;6018
20/07/2020; 15:00:00;300;300;300;300;1300;1300;0;0;0;0;0;0;0;0;0;210;580;600;600;0;0;0;567996,5833;0;0;2831,25;0;0;0;3594;9384;5790
20/07/2020; 16:00:00;300;300;300;300;1300;1300;0;0;0;0;0;0;0;0;0;210;437,3333333;600;600;0;0;0;568604,6667;0;109,6666667;2831,25;0;0;0;3413;9170;5757
20/07/2020; 17:00:00;300;300;300;300;1300;1300;0;0;0;0;0;0;0;0;0;342;601;600;600;0;0;0;569212,75;0;0;2721,583333;0;0;0;3082;9025;5943
20/07/2020; 18:00:00;300;300;300;300;1300;1300;0;0;0;0;0;0;0;0;0;600;601;600;600;0;0;0;569820,8333;0;311;2721,583333;0;0;0;2638;9150;6512
20/07/2020; 19:00:00;300;300;300;300;1300;1300;0;0;0;0;0;0;0;0;0;600;601;600;600;0;0;0;570428,9167;0;656;2410,583333;0;0;0;2238;9095;6857
20/07/2020; 20:00:00;300;300;300;300;1300;1300;0;0;0;0;0;0;0;0;0;600;601;600;600;0;0;0;571037;0;580;1754,583333;0;0;0;1811;8592;6781
20/07/2020; 21:00:00;300;300;300;300;1300;1300;0;0;0;0;0;0;0;0;0;600;601;600;600;0;0;477;571645,0833;0;0;1174,583333;0;0;0;1619;8297;6678
20/07/2020; 22:00:00;300;300;300;300;1300;1300;0;0;0;0;0;0;0;0;0;600;601;600;600;0;0;800,4166667;571776,1667;0;202,5833333;1174,583333;0;0;0;1537;8741;7204
20/07/2020; 23:00:00;300;300;300;300;1300;1300;0;0;0;0;0;0;0;0;0;600;601;600;600;0;0;1133;571583,8333;0;0;972;0;0;0;1409;8743;7334
21/07/2020; 00:00:00;300;300;300;300;1300;1300;0;0;0;0;0;0;0;0;0;600;601;600;600;0;0;0;571058,9167;0;410;972;0;0;0;1415;8026;6611
21/07/2020; 01:00:00;300;300;300;300;1300;1300;0;0;0;0;0;0;0;0;0;600;601;600;600;0;0;207;571667;0;0;562;0;0;0;1213;7621;6408
21/07/2020; 02:00:00;300;300;300;300;1300;1300;0;0;0;0;0;0;0;0;0;473;601;600;600;0;0;0;572068,0833;0;0;562;0;0;0;1231;7305;6074
21/07/2020; 03:00:00;300;300;300;300;1300;1300;0;0;0;0;0;0;0;0;0;210;494;600;600;0;0;0;572676,1667;0;0;562;0;0;0;1232;6936;5704
21/07/2020; 04:00:00;300;300;300;300;1300;1300;0;0;0;0;0;0;0;0;0;210;461;600;600;0;0;0;573284,25;0;0;562;0;0;0;1188;6859;5671
21/07/2020; 05:00:00;300;300;300;300;1300;1300;0;0;0;0;0;0;0;0;0;332;601;600;600;0;0;0;573892,3333;0;0;562;0;0;0;1214;7147;5933
21/07/2020; 06:00:00;300;300;300;300;1300;1300;0;0;0;0;0;0;0;0;0;600;601;600;600;0;0;227;574500,4167;0;0;562;0;0;0;1233;7661;6428
21/07/2020; 07:00:00;300;300;300;300;1300;1300;0;0;0;0;0;0;0;0;0;600;601;600;600;0;0;619;574881,5;0;0;562;0;0;0;1519;8339;6820
21/07/2020; 08:00:00;300;300;300;300;1300;1300;0;0;0;0;0;0;0;0;0;600;601;600;600;0;0;732;574870,5833;0;0;562;0;0;0;2056;8989;6933
21/07/2020; 09:00:00;300;300;300;300;1300;1300;0;0;0;0;0;0;0;0;0;600;601;600;600;0;0;446;574746,6667;0;0;562;0;0;0;2782;9429;6647
21/07/2020; 10:00:00;300;300;300;300;1300;1300;0;0;0;0;0;0;0;0;0;600;601;600;600;0;0;185;574908,75;0;0;562;0;0;0;3278;9664;6386
21/07/2020; 11:00:00;300;300;300;300;1300;1300;0;0;0;0;0;0;0;0;0;580;601;600;600;0;0;0;575331,8333;0;0;562;0;0;0;3699;9880;6181
21/07/2020; 12:00:00;300;300;300;300;1300;1300;0;0;0;0;0;0;0;0;0;579;601;600;600;0;0;0;575939,9167;0;0;562;0;0;0;3786;9966;6180
21/07/2020; 13:00:00;300;300;300;300;1300;1300;0;0;0;0;0;0;0;0;0;447;601;600;600;0;0;0;576548;0;0;562;0;0;0;3796;9844;6048
21/07/2020; 14:00:00;300;300;300;300;1300;1300;0;0;0;0;0;0;0;0;0;364;601;600;600;0;0;0;577156,0833;0;0;562;0;0;0;3831;9796;5965
21/07/2020; 15:00:00;300;300;300;300;1300;1300;0;0;0;0;0;0;0;0;0;234;601;600;600;0;0;0;577764,1667;0;0;562;0;0;0;3716;9551;5835
21/07/2020; 16:00:00;300;300;300;300;1300;1300;0;0;0;0;0;0;0;0;0;210;524;600;600;0;0;0;578372,25;0;0;562;0;0;0;3597;9331;5734
21/07/2020; 17:00:00;300;300;300;300;1300;1300;0;0;0;0;0;0;0;0;0;210;590;600;600;0;0;0;578980,3333;0;0;562;0;0;0;3380;9180;5800
21/07/2020; 18:00:00;300;300;300;300;1300;1300;0;0;0;0;0;0;0;0;0;600;601;600;600;0;0;205;579588,4167;0;0;562;0;0;0;2891;9297;6406
21/07/2020; 19:00:00;300;300;300;300;1300;1300;0;0;0;0;0;0;0;0;0;600;601;600;600;0;0;520;579991,5;0;0;562;0;0;0;2442;9163;6721
21/07/2020; 20:00:00;300;300;300;300;1300;1300;0;0;0;0;0;0;0;0;0;600;601;600;600;0;0;452;580079,5833;0;0;562;0;0;0;2006;8659;6653
21/07/2020; 21:00:00;300;300;300;300;1300;1300;0;0;0;0;0;0;0;0;0;600;601;600;600;0;0;435;580235,6667;0;0;562;0;0;0;1735;8371;6636
21/07/2020; 22:00:00;300;300;300;300;1300;1300;0;0;0;0;0;0;0;0;0;600;601;600;600;0;0;791;580408,75;0;0;562;0;0;0;1798;8790;6992
21/07/2020; 23:00:00;300;300;300;300;1300;1300;0;0;0;0;0;0;0;0;0;600;601;600;600;0;0;908;580225,8333;0;0;562;0;0;0;1686;8795;7109
22/07/2020; 00:00:00;300;300;300;300;1300;1300;0;0;0;0;0;0;0;0;0;600;601;600;600;0;0;48;579925,9167;0;0;562;0;0;0;1802;8051;6249
22/07/2020; 01:00:00;300;300;300;300;1300;1300;0;0;0;0;0;0;0;0;0;488;601;600;600;0;0;0;580486;0;0;562;0;0;0;1556;7645;6089
22/07/2020; 02:00:00;300;300;300;300;1300;1300;0;0;0;0;0;0;0;0;0;210;538;600;600;0;0;0;581094,0833;0;0;562;0;0;0;1580;7328;5748
22/07/2020; 03:00:00;300;300;300;300;1300;1300;0;0;0;0;0;0;0;0;0;210;210,35;508,65;600;0;0;0;581702,1667;0;0;562;0;0;0;1630;6959;5329
22/07/2020; 04:00:00;300;300;300;300;1300;1300;0;0;0;0;0;0;0;0;0;210;210,35;567,65;600;0;0;0;582310,25;0;0;562;0;0;0;1493;6881;5388
22/07/2020; 05:00:00;300;300;300;300;1300;1300;0;0;0;0;0;0;0;0;0;210;502;600;600;0;0;0;582918,3333;0;0;562;0;0;0;1454;7166;5712
22/07/2020; 06:00:00;300;300;300;300;1300;1300;0;0;0;0;0;0;0;0;0;600;601;600;600;0;0;3;583526,4167;0;0;562;0;0;0;1474;7678;6204
22/07/2020; 07:00:00;300;300;300;300;1300;1300;0;0;0;0;0;0;0;0;0;600;601;600;600;0;0;479;584131,5;0;0;562;0;0;0;1678;8358;6680
22/07/2020; 08:00:00;300;300;300;300;1300;1300;0;0;0;0;0;0;0;0;0;600;601;600;600;0;0;0;584260,5833;0;562;562;0;0;0;2245;9008;6763
22/07/2020; 09:00:00;300;300;300;300;1300;1300;0;0;0;0;0;0;0;0;0;600;601;600;600;0;0;461;584868,6667;0;0;0;0;0;0;2790;9452;6662
22/07/2020; 10:00:00;300;300;300;300;1300;1300;0;0;0;0;0;0;0;0;0;600;601;600;600;0;0;108;585015,75;0;0;0;0;0;0;3383;9692;6309
22/07/2020; 11:00:00;300;300;300;300;1300;1300;0;0;0;0;0;0;0;0;0;499;601;600;600;0;0;0;585515,8333;0;0;0;0;0;0;3813;9913;6100
22/07/2020; 12:00:00;300;300;300;300;1300;1300;0;0;0;0;0;0;0;0;0;450;601;600;600;0;0;0;586123,9167;0;0;0;0;0;0;3955;10006;6051
22/07/2020; 13:00:00;300;300;300;300;1300;1300;0;0;0;0;0;0;0;0;0;257;601;600;600;0;0;0;586732;0;0;0;0;0;0;4036;9894;5858
22/07/2020; 14:00:00;300;300;300;300;1300;1300;0;0;0;0;0;0;0;0;0;276;601;600;600;0;0;0;587340,0833;0;0;0;0;0;0;3987;9864;5877
22/07/2020; 15:00:00;300;300;300;300;1300;1300;0;0;0;0;0;0;0;0;0;210;504;600;600;0;0;0;587948,1667;0;0;0;0;0;0;3923;9637;5714
22/07/2020; 16:00:00;300;300;300;300;1300;1300;0;0;0;0;0;0;0;0;0;210;403;600;600;0;0;0;588556,25;0;0;0;0;0;0;3819;9432;5613
22/07/2020; 17:00:00;300;300;300;300;1300;1300;0;0;0;0;0;0;0;0;0;210;562;600;600;0;0;0;589164,3333;0;0;0;0;0;0;3517;9289;5772
22/07/2020; 18:00:00;300;300;300;300;1300;1300;0;0;0;0;0;0;0;0;0;600;601;600;600;0;0;152;589772,4167;0;0;0;0;0;0;3041;9394;6353
22/07/2020; 19:00:00;300;300;300;300;1300;1300;0;0;0;0;0;0;0;0;0;600;601;600;600;0;0;524;590228,5;0;0;0;0;0;0;2526;9251;6725
22/07/2020; 20:00:00;300;300;300;300;1300;1300;0;0;0;0;0;0;0;0;0;600;601;600;600;0;0;517;590312,5833;0;0;0;0;0;0;2025;8743;6718
22/07/2020; 21:00:00;300;300;300;300;1300;1300;0;0;0;0;0;0;0;0;0;600;601;600;600;0;0;495;590403,6667;0;0;0;0;0;0;1761;8457;6696
22/07/2020; 22:00:00;300;300;300;300;1300;1300;0;0;0;0;0;0;0;0;0;600;601;600;600;0;0;977;590516,75;0;0;0;0;0;0;1704;8882;7178
22/07/2020; 23:00:00;300;300;300;300;1300;1300;0;0;0;0;0;0;0;0;0;600;601;600;600;0;0;859;590147,8333;0;0;0;0;0;0;1808;8868;7060
23/07/2020; 00:00:00;300;300;300;300;1300;1300;0;0;0;0;0;0;0;0;0;600;601;600;600;0;0;190;589896,9167;0;0;0;0;0;0;1714;8105;6391
23/07/2020; 01:00:00;300;300;300;300;1300;1300;0;0;0;0;0;0;0;0;0;538;601;600;600;0;0;0;590315;0;0;0;0;0;0;1559;7698;6139
23/07/2020; 02:00:00;300;300;300;300;1300;1300;0;0;0;0;0;0;0;0;0;418;601;600;600;0;0;0;590923,0833;0;0;0;0;0;0;1360;7379;6019
23/07/2020; 03:00:00;300;300;300;300;1300;1300;0;0;0;0;0;0;0;0;0;210;484;600;600;0;0;0;591531,1667;0;0;0;0;0;0;1317;7011;5694
23/07/2020; 04:00:00;300;300;300;300;1300;1300;0;0;0;0;0;0;0;0;0;210;396;600;600;0;0;0;592139,25;0;0;0;0;0;0;1328;6934;5606
23/07/2020; 05:00:00;300;300;300;300;1300;1300;0;0;0;0;0;0;0;0;0;285;601;600;600;0;0;0;592747,3333;0;0;0;0;0;0;1330;7216;5886
23/07/2020; 06:00:00;300;300;300;300;1300;1300;0;0;0;0;0;0;0;0;0;600;601;600;600;0;0;135;593355,4167;0;0;0;0;0;0;1387;7723;6336
23/07/2020; 07:00:00;300;300;300;300;1300;1300;0;0;0;0;0;0;0;0;0;600;601;600;600;0;0;555;593828,5;0;0;0;0;0;0;1654;8410;6756
23/07/2020; 08:00:00;300;300;300;300;1300;1300;0;0;0;0;0;0;0;0;0;600;601;600;600;0;0;550;593881,5833;0;0;0;0;0;0;2309;9060;6751
23/07/2020; 09:00:00;300;300;300;300;1300;1300;0;0;0;0;0;0;0;0;0;600;601;600;600;0;0;433;593939,6667;0;0;0;0;0;0;2876;9510;6634
23/07/2020; 10:00:00;300;300;300;300;1300;1300;0;0;0;0;0;0;0;0;0;600;601;600;600;0;0;165;594114,75;0;0;0;0;0;0;3390;9756;6366
23/07/2020; 11:00:00;300;300;300;300;1300;1300;0;0;0;0;0;0;0;0;0;600;601;600;600;0;0;63;594557,8333;0;0;0;0;0;0;3712;9976;6264
23/07/2020; 12:00:00;300;300;300;300;1300;1300;0;0;0;0;0;0;0;0;0;600;601;600;600;0;0;120;595102,9167;0;0;0;0;0;0;3742;10063;6321
23/07/2020; 13:00:00;300;300;300;300;1300;1300;0;0;0;0;0;0;0;0;0;402;601;600;600;0;0;0;595591;0;0;0;0;0;0;3941;9944;6003
23/07/2020; 14:00:00;300;300;300;300;1300;1300;0;0;0;0;0;0;0;0;0;370;601;600;600;0;0;0;596199,0833;0;0;0;0;0;0;3936;9907;5971
23/07/2020; 15:00:00;300;300;300;300;1300;1300;0;0;0;0;0;0;0;0;0;210;427;600;600;0;0;0;596807,1667;0;0;0;0;0;0;4030;9667;5637
23/07/2020; 16:00:00;300;300;300;300;1300;1300;0;0;0;0;0;0;0;0;0;210;272;600;600;0;0;0;597415,25;0;0;0;0;0;0;3964;9446;5482
23/07/2020; 17:00:00;300;300;300;300;1300;1300;0;0;0;0;0;0;0;0;0;210;429;600;600;0;0;0;598023,3333;0;0;0;0;0;0;3644;9283;5639
23/07/2020; 18:00:00;300;300;300;300;1300;1300;0;0;0;0;0;0;0;0;0;600;601;600;600;0;0;44;598631,4167;0;0;0;0;0;0;3129;9374;6245
23/07/2020; 19:00:00;300;300;300;300;1300;1300;0;0;0;0;0;0;0;0;0;600;601;600;600;0;0;490;599195,5;0;0;0;0;0;0;2530;9221;6691
23/07/2020; 20:00:00;300;300;300;300;1300;1300;0;0;0;0;0;0;0;0;0;600;601;600;600;0;0;411;599313,5833;0;0;0;0;0;0;2095;8707;6612
23/07/2020; 21:00:00;300;300;300;300;1300;1300;0;0;0;0;0;0;0;0;0;600;601;600;600;0;0;213;599510,6667;0;0;0;0;0;0;2000;8414;6414
23/07/2020; 22:00:00;300;300;300;300;1300;1300;0;0;0;0;0;0;0;0;0;600;601;600;600;0;0;722;599905,75;0;0;0;0;0;0;1909;8832;6923
23/07/2020; 23:00:00;300;300;300;300;1300;1300;0;0;0;0;0;0;0;0;0;600;601;600;600;0;0;739;599791,8333;0;0;0;0;0;0;1887;8827;6940
24/07/2020; 00:00:00;300;300;300;300;1300;1300;0;0;0;0;0;0;0;0;0;600;601;600;600;0;0;54;599660,9167;0;0;0;0;0;0;1849;8104;6255
24/07/2020; 01:00:00;300;300;300;300;1300;1300;0;0;0;0;0;0;0;0;0;283;601;600;600;0;0;0;600215;0;0;0;0;0;0;1807;7691;5884
24/07/2020; 02:00:00;300;300;300;300;1300;1300;0;0;0;0;0;0;0;0;0;210;210,35;572,65;600;0;0;0;600823,0833;0;0;0;0;0;0;1973;7366;5393
24/07/2020; 03:00:00;300;300;300;300;1300;1300;0;0;0;0;0;0;0;0;0;210;210,35;210;585,65;0;0;0;601431,1667;0;0;0;0;0;0;1988;7004;5016
24/07/2020; 04:00:00;300;300;300;300;1300;1300;0;0;0;0;0;0;0;0;0;210;210,35;210;551,65;0;0;0;602039,25;0;0;0;0;0;0;1945;6927;4982
24/07/2020; 05:00:00;300;300;300;300;1300;1300;0;0;0;0;0;0;0;0;0;210;210,35;489,65;600;0;0;0;602647,3333;0;0;0;0;0;0;1912;7222;5310
24/07/2020; 06:00:00;300;300;300;300;1300;1300;0;0;0;0;0;0;0;0;0;210;553;600;600;0;0;0;603255,4167;0;0;0;0;0;0;1943;7706;5763
24/07/2020; 07:00:00;300;300;300;300;1300;1300;0;0;0;0;0;0;0;0;0;600;601;600;600;0;0;55;603863,5;0;0;0;0;0;0;2109;8365;6256
24/07/2020; 08:00:00;300;300;300;300;1300;1300;0;0;0;0;0;0;0;0;0;600;601;600;600;0;0;245;604416,5833;0;0;0;0;0;0;2554;9000;6446
24/07/2020; 09:00:00;300;300;300;300;1300;1300;0;0;0;0;0;0;0;0;0;569;601;600;600;0;0;0;604779,6667;0;0;0;0;0;0;3253;9423;6170
24/07/2020; 10:00:00;300;300;300;300;1300;1300;0;0;0;0;0;0;0;0;0;296;601;600;600;0;0;0;605387,75;0;0;0;0;0;0;3737;9634;5897
24/07/2020; 11:00:00;300;300;300;300;1300;1300;0;0;0;0;0;0;0;0;0;497;601;600;0;0;0;0;605995,8333;0;0;0;0;0;0;4321;9819;5498
24/07/2020; 12:00:00;300;300;300;300;1300;1300;0;0;0;0;0;0;0;0;0;538;601;600;0;0;0;0;606603,9167;0;0;0;0;0;0;4362;9901;5539
24/07/2020; 13:00:00;300;300;300;300;1300;1300;0;0;0;0;0;0;0;0;0;0;601;600;0;0;0;185;607212;0;0;0;0;0;0;4527;9713;5186
24/07/2020; 14:00:00;300;300;300;300;1300;1300;0;0;0;0;0;0;0;0;0;0;588;600;0;0;0;0;607635,0833;0;0;0;0;0;0;4640;9628;4988
24/07/2020; 15:00:00;300;300;300;300;1300;1300;0;0;0;0;0;0;0;0;0;0;210,35;498,65;0;0;0;0;608243,1667;0;0;0;0;0;0;4824;9333;4509
24/07/2020; 16:00:00;300;300;300;300;1300;1300;0;0;0;0;0;0;0;0;0;0;210,35;526,65;0;0;0;0;608851,25;0;0;0;0;0;0;4537;9074;4537
24/07/2020; 17:00:00;300;300;300;300;1300;1300;0;0;0;0;0;0;0;0;0;0;378;600;0;0;0;0;609459,3333;0;0;0;0;0;0;4152;8930;4778
24/07/2020; 18:00:00;300;300;300;300;1300;1300;0;0;0;0;0;0;0;0;0;0;601;600;0;0;0;406;610067,4167;0;0;0;0;0;0;3591;8998;5407
24/07/2020; 19:00:00;300;300;300;300;1300;1300;0;0;0;0;0;0;0;0;0;0;601;600;600;0;0;121;610269,5;0;0;0;0;0;0;3105;8827;5722
24/07/2020; 20:00:00;300;300;300;300;1300;1300;0;0;0;0;0;0;0;0;0;0;601;600;600;0;0;52;610756,5833;0;0;0;0;0;0;2690;8343;5653
24/07/2020; 21:00:00;300;300;300;300;1300;1300;0;0;0;0;0;0;0;0;0;210;377;600;600;0;0;0;611312,6667;0;0;0;0;0;0;2487;8074;5587
24/07/2020; 22:00:00;300;300;300;300;1300;1300;0;0;0;0;0;0;0;0;0;542;601;600;600;0;0;0;611920,75;0;0;0;0;0;0;2368;8511;6143
24/07/2020; 23:00:00;300;300;300;300;1300;1300;0;0;0;0;0;0;0;0;0;600;601;600;600;0;0;129;612528,8333;0;0;0;0;0;0;2196;8526;6330
25/07/2020; 00:00:00;300;300;300;300;1300;1300;0;0;0;0;0;0;0;0;0;210;332;600;600;0;0;0;613007,9167;0;0;0;0;0;0;2226;7768;5542
25/07/2020; 01:00:00;300;300;300;300;1300;1300;0;0;0;0;0;0;0;0;0;210;262;600;600;0;0;0;613616;0;0;0;0;0;0;1840;7312;5472
25/07/2020; 02:00:00;300;300;300;300;1300;1300;0;0;0;0;0;0;0;0;0;210;544;0;600;0;0;0;614224,0833;0;0;0;0;0;0;1799;6953;5154
25/07/2020; 03:00:00;300;300;300;300;1300;1300;0;0;0;0;0;0;0;0;0;210;210,35;0;586,65;0;0;0;614832,1667;0;0;0;0;0;0;1745;6552;4807
25/07/2020; 04:00:00;300;300;300;300;1300;1300;0;0;0;0;0;0;0;0;0;210;210,35;0;523,65;0;0;0;615440,25;0;0;0;0;0;0;1637;6381;4744
25/07/2020; 05:00:00;300;300;300;300;1300;1300;0;0;0;0;0;0;0;0;0;210;210,35;0;596,65;0;0;0;616048,3333;0;0;0;0;0;0;1629;6446;4817
25/07/2020; 06:00:00;300;300;300;300;1300;1300;0;0;0;0;0;0;0;0;0;399;601;0;0;0;0;0;616656,4167;0;0;0;0;0;0;1742;6542;4800
25/07/2020; 07:00:00;300;300;300;300;1300;1300;0;0;0;0;0;0;0;0;0;558;601;0;0;0;0;0;617264,5;0;0;0;0;0;0;1880;6839;4959
25/07/2020; 08:00:00;300;300;300;300;1300;1300;0;0;0;0;0;0;0;0;0;600;601;0;0;0;0;22;617872,5833;0;0;0;0;0;0;2358;7381;5023
25/07/2020; 09:00:00;300;300;300;300;1300;1300;0;0;0;0;0;0;0;0;0;477;601;0;0;0;0;0;618458,6667;0;0;0;0;0;0;3009;7887;4878
25/07/2020; 10:00:00;300;300;300;300;1300;1300;0;0;0;0;0;0;0;0;0;280;601;0;0;0;0;0;619066,75;0;0;0;0;0;0;3443;8124;4681
25/07/2020; 11:00:00;300;300;300;300;1300;1300;0;0;0;0;0;0;0;0;0;600;0;0;0;0;0;189;619674,8333;0;0;0;0;0;0;3723;8312;4589
25/07/2020; 12:00:00;300;300;300;300;1300;1300;0;0;0;0;0;0;0;0;0;600;0;0;0;0;0;363;620093,9167;0;0;0;0;0;0;3786;8549;4763
25/07/2020; 13:00:00;300;300;300;300;1300;1300;0;0;0;0;0;0;0;0;0;0;0;0;0;0;0;414;620339;0;0;0;0;0;0;4025;8239;4214
25/07/2020; 14:00:00;300;300;300;300;1300;1300;0;0;0;0;0;0;0;0;0;0;0;0;0;0;0;13;620533,0833;0;0;0;0;0;0;4191;8004;3813
25/07/2020; 15:00:00;300;300;300;300;1300;1300;0;0;0;0;0;0;0;0;0;0;0;0;0;0;0;0;621128,1667;338;0;0;0;0;0;4255;7717;3462
25/07/2020; 16:00:00;300;300;300;300;1300;1300;0;0;0;0;0;0;0;0;0;0;0;0;0;0;0;0;621736,25;555;0;253,5;0;0;0;4255;7500;3245
25/07/2020; 17:00:00;300;300;300;300;1300;1300;0;0;0;0;0;0;0;0;0;0;0;0;0;0;0;0;622344,3333;522;0;669,75;0;0;0;4150;7428;3278
25/07/2020; 18:00:00;300;300;300;300;1300;1300;0;0;0;0;0;0;0;0;0;0;0;0;0;0;0;0;622952,4167;8;0;1061,25;0;0;0;3819;7611;3792
25/07/2020; 19:00:00;300;300;300;300;1300;1300;0;0;0;0;0;0;0;0;0;0;0;210;347;0;0;0;623560,5;0;0;1067,25;0;0;0;3244;7601;4357
25/07/2020; 20:00:00;300;300;300;300;1300;1300;0;0;0;0;0;0;0;0;0;0;0;210;516;0;0;0;624168,5833;0;0;1067,25;0;0;0;2770;7296;4526
25/07/2020; 21:00:00;300;300;300;300;1300;1300;0;0;0;0;0;0;0;0;0;0;0;259;600;0;0;0;624776,6667;0;0;1067,25;0;0;0;2553;7212;4659
25/07/2020; 22:00:00;300;300;300;300;1300;1300;0;0;0;0;0;0;0;0;0;0;0;600;600;0;0;0;625384,75;0;249;1067,25;0;0;0;2520;7769;5249
25/07/2020; 23:00:00;300;300;300;300;1300;1300;0;0;0;0;0;0;0;0;0;0;0;600;600;0;0;0;625992,8333;0;536;818,25;0;0;0;2378;7914;5536
26/07/2020; 00:00:00;300;300;300;300;1300;1300;0;0;0;0;0;0;0;0;0;0;0;587;600;0;0;0;626600,9167;0;0;282,25;0;0;0;2303;7290;4987
26/07/2020; 01:00:00;300;300;300;300;1300;1300;0;0;0;0;0;0;0;0;0;0;0;407;600;0;0;0;627209;0;0;282,25;0;0;0;2064;6871;4807
26/07/2020; 02:00:00;300;300;300;300;1300;1300;0;0;0;0;0;0;0;0;0;0;0;210;234;0;0;0;627817,0833;0;0;282,25;0;0;0;2272;6516;4244
26/07/2020; 03:00:00;300;300;300;300;1300;1300;0;0;0;0;0;0;0;0;0;0;0;0;0;0;0;0;628425,1667;0;79;282,25;0;0;0;2223;6102;3879
26/07/2020; 04:00:00;300;300;300;300;1300;1300;0;0;0;0;0;0;0;0;0;0;0;0;0;0;0;0;629033,25;110;0;203,25;0;0;0;2209;5899;3690
26/07/2020; 05:00:00;300;300;300;300;1300;1300;0;0;0;0;0;0;0;0;0;0;0;0;0;0;0;0;629641,3333;247;0;285,75;0;0;0;2294;5847;3553
26/07/2020; 06:00:00;300;300;300;300;1300;1300;0;0;0;0;0;0;0;0;0;0;0;0;0;0;0;0;630249,4167;458;0;471;0;0;0;2446;5788;3342
26/07/2020; 07:00:00;300;300;300;300;1300;1300;0;0;0;0;0;0;0;0;0;0;0;0;0;0;0;0;630857,5;441;0;814,5;0;0;0;2572;5931;3359
26/07/2020; 08:00:00;300;300;300;300;1300;1300;0;0;0;0;0;0;0;0;0;0;0;0;0;0;0;0;631465,5833;276;0;1145,25;0;0;0;2848;6372;3524
26/07/2020; 09:00:00;300;300;300;300;1300;1300;0;0;0;0;0;0;0;0;0;0;0;0;0;0;0;0;632073,6667;359;0;1352,25;0;0;0;3418;6859;3441
26/07/2020; 10:00:00;300;300;300;300;1300;1300;0;0;0;0;0;0;0;0;0;0;0;0;0;0;0;0;632681,75;375;0;1621,5;0;0;0;3762;7187;3425
26/07/2020; 11:00:00;300;300;300;300;1300;1300;0;0;0;0;0;0;0;0;0;0;0;0;0;0;0;0;633289,8333;503;0;1902,75;0;0;0;4152;7449;3297
26/07/2020; 12:00:00;300;300;300;300;1300;1300;0;0;0;0;0;0;0;0;0;0;0;0;0;0;0;0;633897,9167;305;0;2280;0;0;0;4292;7787;3495
26/07/2020; 13:00:00;300;300;300;300;1300;1300;0;0;0;0;0;0;0;0;0;0;0;0;0;0;0;0;634506;816;0;2508,75;0;0;0;4432;7416;2984
26/07/2020; 14:00:00;300;300;300;300;1300;955;0;0;0;0;0;0;0;0;0;0;0;0;0;0;0;0;635114,0833;1200;0;3120,75;0;0;0;4835;7090;2255
26/07/2020; 15:00:00;300;300;300;300;1300;766,8235294;0;0;0;0;0;0;0;0;0;0;0;0;0;0;0;0;635722,1667;1200;0;4020,75;213,8235294;0;0;4942;6795;1853
26/07/2020; 16:00:00;300;300;300;300;1300;751;0;0;0;0;0;0;0;0;0;0;0;0;0;0;0;0;636330,25;1200;0;4920,75;280;0;181,75;4859;6630;1771
26/07/2020; 17:00:00;300;300;300;300;1300;467;0;0;0;0;0;0;0;0;0;0;0;0;0;0;0;0;636938,3333;1200;0;5820,75;0;0;419,75;4866;6633;1767
26/07/2020; 18:00:00;300;300;300;300;1300;1300;0;0;0;0;0;0;0;0;0;0;0;0;0;0;0;0;637546,4167;1200;0;6720,75;165;0;419,75;4481;6916;2435
26/07/2020; 19:00:00;300;300;300;300;1300;1300;0;0;0;0;0;0;0;0;0;0;0;0;0;0;0;0;638154,5;472;0;7620,75;0;0;560;3824;7152;3328
26/07/2020; 20:00:00;300;300;300;300;1300;1300;0;0;0;0;0;0;0;0;0;0;0;0;0;0;0;0;638762,5833;186;0;7974,75;0;0;560;3500;7114;3614
26/07/2020; 21:00:00;300;300;300;300;1300;1300;0;0;0;0;0;0;0;0;0;0;0;0;0;0;0;0;639370,6667;112;0;8114,25;0;0;560;3467;7155;3688
26/07/2020; 22:00:00;300;300;300;300;1300;1300;0;0;0;0;0;0;0;0;0;0;0;0;0;0;0;0;639978,75;0;199;8198,25;0;280;560;3435;7714;4279
26/07/2020; 23:00:00;300;300;300;300;1300;1300;0;0;0;0;0;0;0;0;0;0;0;0;0;0;0;0;640586,8333;0;746;7999,25;0;104;230,5882353;3190;7840;4650
27/07/2020; 00:00:00;300;300;300;300;1300;1300;0;0;0;0;0;0;0;0;0;0;0;0;0;0;0;0;641194,9167;0;366;7253,25;0;0;108,2352941;2963;7129;4166
27/07/2020; 01:00:00;300;300;300;300;1300;1300;0;0;0;0;0;0;0;0;0;0;0;0;0;0;0;0;641803;0;223;6887,25;0;0;108,2352941;2740;6763;4023
27/07/2020; 02:00:00;300;300;300;300;1300;1300;0;0;0;0;0;0;0;0;0;0;0;0;0;0;0;0;642411,0833;0;0;6664,25;0;92;108,2352941;2586;6478;3892
27/07/2020; 03:00:00;300;300;300;300;1300;1300;0;0;0;0;0;0;0;0;0;0;0;0;0;0;0;0;643019,1667;132;0;6664,25;0;0;0;2517;6185;3668
27/07/2020; 04:00:00;300;300;300;300;1300;1300;0;0;0;0;0;0;0;0;0;0;0;0;0;0;0;0;643627,25;24;0;6763,25;0;0;0;2420;6196;3776
27/07/2020; 05:00:00;300;300;300;300;1300;1300;0;0;0;0;0;0;0;0;0;0;0;471;0;0;0;0;644235,3333;0;0;6781,25;0;0;0;2327;6598;4271
27/07/2020; 06:00:00;300;300;300;300;1300;1300;0;0;0;0;0;0;0;0;0;392;0;600;0;0;0;0;644843,4167;0;0;6781,25;0;0;0;2390;7182;4792
27/07/2020; 07:00:00;300;300;300;300;1300;1300;0;0;0;0;0;0;0;0;0;210;210,35;591,65;600;0;0;0;645451,5;0;0;6781,25;0;0;0;2481;7893;5412
27/07/2020; 08:00:00;300;300;300;300;1300;1300;0;0;0;0;0;0;0;0;0;210;553;600;600;0;0;0;646059,5833;0;0;6781,25;0;0;0;2829;8592;5763
27/07/2020; 09:00:00;300;300;300;300;1300;1300;0;0;0;0;0;0;0;0;0;334;601;600;600;0;0;0;646667,6667;0;0;6781,25;0;0;0;3095;9030;5935
27/07/2020; 10:00:00;300;300;300;300;1300;1300;0;0;0;0;0;0;0;0;0;210;499;600;600;0;0;0;647275,75;0;0;6781,25;0;0;0;3554;9263;5709
27/07/2020; 11:00:00;300;300;300;300;1300;1300;0;0;0;0;0;0;0;0;0;210;242;600;600;0;0;0;647883,8333;0;0;6781,25;0;0;0;4019;9471;5452
27/07/2020; 12:00:00;300;300;300;300;1300;1300;0;0;0;0;0;0;0;0;0;210;396;600;600;0;0;0;648491,9167;0;0;6781,25;0;0;0;3966;9572;5606
27/07/2020; 13:00:00;300;300;300;300;1300;1300;0;0;0;0;0;0;0;0;0;210;233;600;600;0;0;0;649100;0;0;6781,25;0;0;0;3998;9441;5443
27/07/2020; 14:00:00;300;300;300;300;1300;1300;0;0;0;0;0;0;0;0;0;210;210,35;427,65;600;0;0;0;649708,0833;0;0;6781,25;0;0;0;4099;9347;5248
27/07/2020; 15:00:00;300;300;300;300;1300;1300;0;0;0;0;0;0;0;0;0;210;411;600;0;0;0;0;650316,1667;0;0;6781,25;0;0;0;4057;9078;5021
27/07/2020; 16:00:00;300;300;300;300;1300;1300;0;0;0;0;0;0;0;0;0;210;328;600;0;0;0;0;650924,25;0;0;6781,25;0;0;0;3922;8860;4938
27/07/2020; 17:00:00;300;300;300;300;1300;1300;0;0;0;0;0;0;0;0;0;210;299;600;0;0;0;0;651532,3333;0;0;6781,25;0;0;0;3810;8719;4909
27/07/2020; 18:00:00;300;300;300;300;1300;1300;0;0;0;0;0;0;0;0;0;398;601;600;0;0;0;0;652140,4167;0;0;6781,25;0;0;0;3501;8900;5399
27/07/2020; 19:00:00;300;300;300;300;1300;1300;0;0;0;0;0;0;0;0;0;593;601;600;0;0;0;0;652748,5;0;0;6781,25;0;0;0;3286;8880;5594
27/07/2020; 20:00:00;300;300;300;300;1300;1300;0;0;0;0;0;0;0;0;0;407;601;600;0;0;0;0;653356,5833;0;0;6781,25;0;0;0;2991;8399;5408
27/07/2020; 21:00:00;300;300;300;300;1300;1300;0;0;0;0;0;0;0;0;0;210;425;600;0;0;0;0;653964,6667;0;0;6781,25;0;0;0;3062;8097;5035
27/07/2020; 22:00:00;300;300;300;300;1300;1300;0;0;0;0;0;0;0;0;0;506;601;600;0;0;0;0;654572,75;0;0;6781,25;0;0;0;3016;8523;5507
27/07/2020; 23:00:00;300;300;300;300;1300;1300;0;0;0;0;0;0;0;0;0;210;519;600;600;0;0;0;655180,8333;0;0;6781,25;0;0;0;2823;8552;5729
28/07/2020; 00:00:00;300;300;300;300;1300;1300;0;0;0;0;0;0;0;0;0;210;0;410;600;0;0;0;655788,9167;0;0;6781,25;0;0;0;2852;7872;5020
28/07/2020; 01:00:00;300;300;300;300;1300;1300;0;0;0;0;0;0;0;0;0;210;0;438;600;0;0;0;656397;0;0;6781,25;0;0;0;2440;7488;5048
28/07/2020; 02:00:00;300;300;300;300;1300;1300;0;0;0;0;0;0;0;0;0;210;0;210;574;0;0;0;657005,0833;0;0;6781,25;0;0;0;2391;7185;4794
28/07/2020; 03:00:00;300;300;300;300;1300;1300;0;0;0;0;0;0;0;0;0;210;0;210;238;0;0;0;657613,1667;0;0;6781,25;0;0;0;2385;6843;4458
28/07/2020; 04:00:00;300;300;300;300;1300;1300;0;0;0;0;0;0;0;0;0;210;0;210;296;0;0;0;658221,25;0;0;6781,25;0;0;0;2262;6778;4516
28/07/2020; 05:00:00;300;300;300;300;1300;1300;0;0;0;0;0;0;0;0;0;210;0;210;537;0;0;0;658829,3333;0;0;6781,25;0;0;0;2322;7079;4757
28/07/2020; 06:00:00;300;300;300;300;1300;1300;0;0;0;0;0;0;0;0;0;236;0;600;600;0;0;0;659437,4167;0;0;6781,25;0;0;0;2340;7576;5236
28/07/2020; 07:00:00;300;300;300;300;1300;1300;0;0;0;0;0;0;0;0;0;600;0;600;600;0;0;0;660045,5;0;127;6781,25;0;0;0;2516;8243;5727
28/07/2020; 08:00:00;300;300;300;300;1300;1300;0;0;0;0;0;0;0;0;0;600;601;600;600;0;0;0;660653,5833;0;26;6654,25;0;0;0;2671;8898;6227
28/07/2020; 09:00:00;300;300;300;300;1300;1300;0;0;0;0;0;0;0;0;0;600;601;600;600;0;0;469;661261,6667;0;0;6628,25;0;0;0;2677;9347;6670
28/07/2020; 10:00:00;300;300;300;300;1300;1300;0;0;0;0;0;0;0;0;0;600;601;600;600;0;0;173;661400,75;0;0;6628,25;0;0;0;3216;9590;6374
28/07/2020; 11:00:00;300;300;300;300;1300;1300;0;0;0;0;0;0;0;0;0;600;601;600;600;0;0;0;661835,8333;0;71;6628,25;0;0;0;3520;9792;6272
28/07/2020; 12:00:00;300;300;300;300;1300;1300;0;0;0;0;0;0;0;0;0;553;601;600;600;0;0;0;662443,9167;0;0;6557,25;0;0;0;3722;9876;6154
28/07/2020; 13:00:00;300;300;300;300;1300;1300;0;0;0;0;0;0;0;0;0;447;601;600;600;0;0;0;663052;0;0;6557,25;0;0;0;3693;9741;6048
28/07/2020; 14:00:00;300;300;300;300;1300;1300;0;0;0;0;0;0;0;0;0;210;506;600;600;0;0;0;663660,0833;0;0;6557,25;0;0;0;3963;9679;5716
28/07/2020; 15:00:00;300;300;300;300;1300;1300;0;0;0;0;0;0;0;0;0;210;210,35;467,65;600;0;0;0;664268,1667;0;0;6557,25;0;0;0;4134;9422;5288
28/07/2020; 16:00:00;300;300;300;300;1300;1300;0;0;0;0;0;0;0;0;0;210;210,35;393,65;600;0;0;0;664876,25;0;0;6557,25;0;0;0;4004;9218;5214
28/07/2020; 17:00:00;300;300;300;300;1300;1300;0;0;0;0;0;0;0;0;0;210;210,35;492,65;600;0;0;0;665484,3333;0;0;6557,25;0;0;0;3761;9074;5313
28/07/2020; 18:00:00;300;300;300;300;1300;1300;0;0;0;0;0;0;0;0;0;210;333;600;600;0;0;0;666092,4167;0;0;6557,25;0;0;0;3637;9180;5543
28/07/2020; 19:00:00;300;300;300;300;1300;1300;0;0;0;0;0;0;0;0;0;524;601;600;600;0;0;0;666700,5;0;0;6557,25;0;0;0;2940;9065;6125
28/07/2020; 20:00:00;300;300;300;300;1300;1300;0;0;0;0;0;0;0;0;0;235;601;600;600;0;0;0;667308,5833;0;0;6557,25;0;0;0;2716;8552;5836
28/07/2020; 21:00:00;300;300;300;300;1300;1300;0;0;0;0;0;0;0;0;0;323;601;600;600;0;0;0;667916,6667;0;0;6557,25;0;0;0;2380;8304;5924
28/07/2020; 22:00:00;300;300;300;300;1300;1300;0;0;0;0;0;0;0;0;0;599;601;600;600;0;0;0;668524,75;0;0;6557,25;0;0;0;2504;8704;6200
28/07/2020; 23:00:00;300;300;300;300;1300;1300;0;0;0;0;0;0;0;0;0;593;601;600;600;0;0;0;669132,8333;0;0;6557,25;0;0;0;2500;8694;6194
29/07/2020; 00:00:00;300;300;300;300;1300;1300;0;0;0;0;0;0;0;0;0;210;210,35;497,65;600;0;0;0;669740,9167;0;0;6557,25;0;0;0;2622;7940;5318
29/07/2020; 01:00:00;300;300;300;300;1300;1300;0;0;0;0;0;0;0;0;0;210;210,35;450,65;600;0;0;0;670349;0;0;6557,25;0;0;0;2280;7551;5271
29/07/2020; 02:00:00;300;300;300;300;1300;1300;0;0;0;0;0;0;0;0;0;210;210,35;324,65;600;0;0;0;670957,0833;0;0;6557,25;0;0;0;2098;7243;5145
29/07/2020; 03:00:00;300;300;300;300;1300;1300;0;0;0;0;0;0;0;0;0;210;210,35;210;531,65;0;0;0;671565,1667;0;0;6557,25;0;0;0;1936;6898;4962
29/07/2020; 04:00:00;300;300;300;300;1300;1300;0;0;0;0;0;0;0;0;0;210;210,35;210;557,65;0;0;0;672173,25;0;0;6557,25;0;0;0;1841;6829;4988
29/07/2020; 05:00:00;300;300;300;300;1300;1300;0;0;0;0;0;0;0;0;0;210;210,35;464,65;600;0;0;0;672781,3333;0;0;6557,25;0;0;0;1838;7123;5285
29/07/2020; 06:00:00;300;300;300;300;1300;1300;0;0;0;0;0;0;0;0;0;257;601;600;600;0;0;0;673389,4167;0;0;6557,25;0;0;0;1755;7613;5858
29/07/2020; 07:00:00;300;300;300;300;1300;1300;0;0;0;0;0;0;0;0;0;600;601;600;600;0;0;189;673997,5;0;0;6557,25;0;0;0;1893;8283;6390
29/07/2020; 08:00:00;300;300;300;300;1300;1300;0;0;0;0;0;0;0;0;0;600;601;600;600;0;0;295;674416,5833;0;0;6557,25;0;0;0;2441;8937;6496
29/07/2020; 09:00:00;300;300;300;300;1300;1300;0;0;0;0;0;0;0;0;0;600;601;600;600;0;0;245;674729,6667;0;0;6557,25;0;0;0;2948;9394;6446
29/07/2020; 10:00:00;300;300;300;300;1300;1300;0;0;0;0;0;0;0;0;0;600;601;600;600;0;0;122;675092,75;0;0;6557,25;0;0;0;3326;9649;6323
29/07/2020; 11:00:00;300;300;300;300;1300;1300;0;0;0;0;0;0;0;0;0;484;601;600;600;0;0;0;675578,8333;0;0;6557,25;0;0;0;3780;9865;6085
29/07/2020; 12:00:00;300;300;300;300;1300;1300;0;0;0;0;0;0;0;0;0;426;601;600;600;0;0;0;676186,9167;0;0;6557,25;0;0;0;3938;9965;6027
29/07/2020; 13:00:00;300;300;300;300;1300;1300;0;0;0;0;0;0;0;0;0;218;601;600;600;0;0;0;676795;0;0;6557,25;0;0;0;4033;9852;5819
29/07/2020; 14:00:00;300;300;300;300;1300;1300;0;0;0;0;0;0;0;0;0;210;496;600;600;0;0;0;677403,0833;0;0;6557,25;0;0;0;4121;9827;5706
29/07/2020; 15:00:00;300;300;300;300;1300;1300;0;0;0;0;0;0;0;0;0;210;234;600;600;0;0;0;678011,1667;0;0;6557,25;0;0;0;4155;9599;5444
29/07/2020; 16:00:00;300;300;300;300;1300;1300;0;0;0;0;0;0;0;0;0;210;210,35;597,65;600;0;0;0;678619,25;0;0;6557,25;0;0;0;3999;9417;5418
29/07/2020; 17:00:00;300;300;300;300;1300;1300;0;0;0;0;0;0;0;0;0;210;438;600;600;0;0;0;679227,3333;0;0;6557,25;0;0;0;3633;9281;5648
29/07/2020; 18:00:00;300;300;300;300;1300;1300;0;0;0;0;0;0;0;0;0;600;601;600;600;0;0;179;679835,4167;0;0;6557,25;0;0;0;2979;9359;6380
29/07/2020; 19:00:00;300;300;300;300;1300;1300;0;0;0;0;0;0;0;0;0;600;601;600;600;0;0;0;680264,5;0;511;6557,25;0;0;0;2512;9224;6712
29/07/2020; 20:00:00;300;300;300;300;1300;1300;0;0;0;0;0;0;0;0;0;600;601;600;600;0;0;0;680872,5833;0;351;6046,25;0;0;0;2149;8701;6552
29/07/2020; 21:00:00;300;300;300;300;1300;1300;0;0;0;0;0;0;0;0;0;600;601;600;600;0;0;0;681480,6667;0;98;5695,25;0;0;0;2156;8455;6299
29/07/2020; 22:00:00;300;300;300;300;1300;1300;0;0;0;0;0;0;0;0;0;600;601;600;600;0;0;0;682088,75;0;526;5597,25;0;0;0;2136;8863;6727
29/07/2020; 23:00:00;300;300;300;300;1300;1300;0;0;0;0;0;0;0;0;0;600;601;600;600;0;0;0;682696,8333;0;539;5071,25;0;0;0;2080;8820;6740
30/07/2020; 00:00:00;300;300;300;300;1300;1300;0;0;0;0;0;0;0;0;0;308;601;600;600;0;0;0;683304,9167;0;0;4532,25;0;0;0;2125;8034;5909
30/07/2020; 01:00:00;300;300;300;300;1300;1300;0;0;0;0;0;0;0;0;0;218;601;600;600;0;0;0;683913;0;0;4532,25;0;0;0;1823;7642;5819
30/07/2020; 02:00:00;300;300;300;300;1300;1300;0;0;0;0;0;0;0;0;0;210;333;600;600;0;0;0;684521,0833;0;0;4532,25;0;0;0;1790;7333;5543
30/07/2020; 03:00:00;300;300;300;300;1300;1300;0;0;0;0;0;0;0;0;0;210;210,35;428,65;600;0;0;0;685129,1667;0;0;4532,25;0;0;0;1740;6989;5249
30/07/2020; 04:00:00;300;300;300;300;1300;1300;0;0;0;0;0;0;0;0;0;210;210,35;437,65;600;0;0;0;685737,25;0;0;4532,25;0;0;0;1663;6921;5258
30/07/2020; 05:00:00;300;300;300;300;1300;1300;0;0;0;0;0;0;0;0;0;210;312;600;600;0;0;0;686345,3333;0;0;4532,25;0;0;0;1684;7206;5522
30/07/2020; 06:00:00;300;300;300;300;1300;1300;0;0;0;0;0;0;0;0;0;551;601;600;600;0;0;0;686953,4167;0;0;4532,25;0;0;0;1535;7687;6152
30/07/2020; 07:00:00;300;300;300;300;1300;1300;0;0;0;0;0;0;0;0;0;600;601;600;600;0;0;334,75;687561,5;0;150,25;4532,25;0;0;0;1682;8368;6686
30/07/2020; 08:00:00;300;300;300;300;1300;1300;0;0;0;0;0;0;0;0;0;600;601;600;600;0;0;0;687834,8333;0;754;4382;0;0;0;2070;9025;6955
30/07/2020; 09:00:00;300;300;300;300;1300;1300;0;0;0;0;0;0;0;0;0;600;601;600;600;0;0;0;688442,9167;0;598;3628;0;0;0;2700;9499;6799
30/07/2020; 10:00:00;300;300;300;300;1300;1300;0;0;0;0;0;0;0;0;0;600;601;600;600;0;0;0;689051;0;420;3030;0;0;0;3158;9779;6621
30/07/2020; 11:00:00;300;300;300;300;1300;1300;0;0;0;0;0;0;0;0;0;600;601;600;600;0;0;407;689659,0833;0;0;2610;0;0;0;3407;10015;6608
30/07/2020; 12:00:00;300;300;300;300;1300;1300;0;0;0;0;0;0;0;0;0;600;601;600;600;0;0;0;689860,1667;0;445;2610;0;0;0;3488;10134;6646
30/07/2020; 13:00:00;300;300;300;300;1300;1300;0;0;0;0;0;0;0;0;0;600;601;600;600;0;0;0;690468,25;0;211;2165;0;0;0;3635;10047;6412
30/07/2020; 14:00:00;300;300;300;300;1300;1300;0;0;0;0;0;0;0;0;0;600;601;600;600;0;0;0;691076,3333;0;206;1954;0;0;0;3657;10064;6407
30/07/2020; 15:00:00;300;300;300;300;1300;1300;0;0;0;0;0;0;0;0;0;600;601;600;600;0;0;0;691684,4167;0;113;1748;0;0;0;3552;9866;6314
30/07/2020; 16:00:00;300;300;300;300;1300;1300;0;0;0;0;0;0;0;0;0;600;601;600;600;0;0;0;692292,5;0;85;1635;0;0;0;3411;9697;6286
30/07/2020; 17:00:00;300;300;300;300;1300;1300;0;0;0;0;0;0;0;0;0;600;601;600;600;0;0;0;692900,5833;0;234;1550;0;0;0;3122;9557;6435
30/07/2020; 18:00:00;300;300;300;300;1300;1300;0;0;0;0;0;0;0;0;0;600;601;600;600;0;0;0;693508,6667;0;769;1316;0;0;0;2616;9586;6970
30/07/2020; 19:00:00;300;300;300;300;1300;1300;0;0;0;0;0;0;0;0;0;600;601;600;600;0;0;910;694116,75;0;0;547;0;0;0;2303;9414;7111
30/07/2020; 20:00:00;300;300;300;300;1300;1300;0;0;0;0;0;0;0;0;0;600;601;600;600;0;0;573;693814,8333;0;0;547;0;0;0;2099;8873;6774
30/07/2020; 21:00:00;300;300;300;300;1300;1300;0;0;0;0;0;0;0;0;0;600;601;600;600;0;0;0;693849,9167;0;547;547;0;0;0;1879;8627;6748
30/07/2020; 22:00:00;300;300;300;300;1300;1300;0;0;0;0;0;0;0;0;0;600;601;600;600;0;0;1105;694458;0;0;0;0;0;0;1735;9041;7306
30/07/2020; 23:00:00;300;300;300;300;1300;1300;0;0;0;0;0;0;0;0;0;600;601;600;600;0;0;1138;693961,0833;0;0;0;0;0;0;1621;8960;7339
31/07/2020; 00:00:00;300;300;300;300;1300;1300;0;0;0;0;0;0;0;0;0;600;601;600;600;0;0;354;693431,1667;0;0;0;0;0;0;1592;8147;6555
31/07/2020; 01:00:00;300;300;300;300;1300;1300;0;0;0;0;0;0;0;0;0;600;601;600;600;0;0;63;693685,25;0;0;0;0;0;0;1472;7736;6264
31/07/2020; 02:00:00;300;300;300;300;1300;1300;0;0;0;0;0;0;0;0;0;395;601;600;600;0;0;0;694230,3333;0;0;0;0;0;0;1436;7432;5996
31/07/2020; 03:00:00;300;300;300;300;1300;1300;0;0;0;0;0;0;0;0;0;210;521;600;600;0;0;0;694838,4167;0;0;0;0;0;0;1348;7079;5731
31/07/2020; 04:00:00;300;300;300;300;1300;1300;0;0;0;0;0;0;0;0;0;210;433;600;600;0;0;0;695446,5;0;0;0;0;0;0;1375;7018;5643
31/07/2020; 05:00:00;300;300;300;300;1300;1300;0;0;0;0;0;0;0;0;0;272;601;600;600;0;0;0;696054,5833;0;0;0;0;0;0;1415;7288;5873
31/07/2020; 06:00:00;300;300;300;300;1300;1300;0;0;0;0;0;0;0;0;0;600;601;600;600;0;0;47;696662,6667;0;0;0;0;0;0;1494;7742;6248
31/07/2020; 07:00:00;300;300;300;300;1300;1300;0;0;0;0;0;0;0;0;0;600;601;600;600;0;0;524;697223,75;0;0;0;0;0;0;1669;8394;6725
31/07/2020; 08:00:00;300;300;300;300;1300;1300;0;0;0;0;0;0;0;0;0;600;601;600;600;0;0;709;697307,8333;0;0;0;0;0;0;2122;9032;6910
31/07/2020; 09:00:00;300;300;300;300;1300;1300;0;0;0;0;0;0;0;0;0;600;601;600;600;0;0;559;697206,9167;0;0;0;0;0;0;2765;9525;6760
31/07/2020; 10:00:00;300;300;300;300;1300;1300;0;0;0;0;0;0;0;0;0;600;601;600;600;0;0;337;697256;0;0;0;0;0;0;3250;9788;6538
31/07/2020; 11:00:00;300;300;300;300;1300;1300;0;0;0;0;0;0;0;0;0;600;601;600;600;0;0;231;697527,0833;0;0;0;0;0;0;3578;10010;6432
31/07/2020; 12:00:00;300;300;300;300;1300;1300;0;0;0;0;0;0;0;0;0;600;601;600;600;0;0;142;697904,1667;0;0;0;0;0;0;3792;10135;6343
31/07/2020; 13:00:00;300;300;300;300;1300;1300;0;0;0;0;0;0;0;0;0;413;601;600;600;0;0;0;698370,25;0;0;0;0;0;0;3931;9945;6014
31/07/2020; 14:00:00;300;300;300;300;1300;1300;0;0;0;0;0;0;0;0;0;468;601;600;600;0;0;0;698978,3333;0;0;0;0;0;0;3903;9972;6069
31/07/2020; 15:00:00;300;300;300;300;1300;1300;0;0;0;0;0;0;0;0;0;411;601;600;600;0;0;0;699586,4167;0;0;0;0;0;0;3752;9764;6012
31/07/2020; 16:00:00;300;300;300;300;1300;1300;0;0;0;0;0;0;0;0;0;552;601;600;600;0;0;0;700194,5;0;0;0;0;0;0;3395;9548;6153
31/07/2020; 17:00:00;300;300;300;300;1300;1300;0;0;0;0;0;0;0;0;0;600;601;600;600;0;0;85;700802,5833;0;0;0;0;0;0;3133;9419;6286
31/07/2020; 18:00:00;300;300;300;300;1300;1300;0;0;0;0;0;0;0;0;0;600;601;600;600;0;0;579;701325,6667;0;0;0;0;0;0;2621;9401;6780
31/07/2020; 19:00:00;300;300;300;300;1300;1300;0;0;0;0;0;0;0;0;0;600;601;600;600;0;0;866;701354,75;0;0;0;0;0;0;2071;9138;7067
31/07/2020; 20:00:00;300;300;300;300;1300;1300;0;0;0;0;0;0;0;0;0;600;601;600;600;0;0;563;701096,8333;0;0;0;0;0;0;1871;8635;6764
31/07/2020; 21:00:00;300;300;300;300;1300;1300;0;0;0;0;0;0;0;0;0;600;601;600;600;0;0;597;701141,9167;0;0;0;0;0;0;1640;8438;6798
31/07/2020; 22:00:00;300;300;300;300;1300;1300;0;0;0;0;0;0;0;0;0;600;601;600;600;0;0;1166;701153;0;0;0;0;0;0;1499;8866;7367
31/07/2020; 23:00:00;300;300;300;300;1300;1300;0;0;0;0;0;0;0;0;0;600;601;600;600;0;0;1254;700595,0833;0;0;0;0;0;0;1311;8766;7455
01/08/2020; 00:00:00;300;300;300;300;1300;1300;0;0;0;0;0;0;0;0;0;600;601;600;600;0;0;412;699949,1667;0;0;0;0;0;0;1354;7967;6613
01/08/2020; 01:00:00;300;300;300;300;1300;1300;135;0;0;0;0;0;0;0;0;525;601;600;600;0;0;0;700000;0;0;0;0;0;0;1241;7502;6261
